"id","name","continent","countryCode","stateProvince","county","island","islandGroup","locality","decimalLatitude","decimalLongitude","coordinateUncertaintyInMeters","geodeticDatum","georeferenceRemarks","minimumElevationInMeters","maximumElevationInMeters","info_url"
"11150","Chapman's Pool, Dorset","Europe","GB","England","Dorset","","British Isles","","50.6016535929146","-1.95290565490723","","","","","","https://bio.acousti.ca/node/11150"
"11155","Corsica: Corse-du-Sud; 20km N of Ajaccio; 1km N of Sagone","Europe","FR","","","Corsica","","","42.1281478054561","8.70855331420898","1000","","","20","20","https://bio.acousti.ca/node/11155"
"11156","Europe: Spain: Zamora, 88kn W of Benavente, W of Portilla de Padornelo","Europe","ES","Zamora","","","","","42.0365443200271","-6.85529708862305","500","","","1350","1350","https://bio.acousti.ca/node/11156"
"11157","Europe: France: Morbihan; Base of Quiberon Peninsular, W of N168","Europe","FR","Morbihan","","","","","47.4759407019598","-3.13273429870605","1000","","","","","https://bio.acousti.ca/node/11157"
"11163","Furzebrook Research Station","Europe","GB","England","Dorset","","British Isles","","","","","","","","","https://bio.acousti.ca/node/11163"
"11164","BMNH Acoustic Laboratory","Europe","GB","England","London","","British Isles","","","","","","","","","https://bio.acousti.ca/node/11164"
"11168","Canada; Alberta; Banff.","","","","","","","","51.1999998341207","-115.51025390625","","","","","","https://bio.acousti.ca/node/11168"
"11170","Kananaskis Field Laboratory, University of Calgary, Kananaskis Vallety, Alberta","","","","","","","","","","","","","","","https://bio.acousti.ca/node/11170"
"11216","Greece: Arcadia, Sitaina","Europe","GR","Arcadia","Sitaina","","","Badly cultivated terraces with shrubby margins and some trees","37.291258","22.651126","","","","800","800","https://bio.acousti.ca/node/11216"
"11218","Greece: Achaea, 3km W of Kalavrita","Europe","GR","Achaea","Kalavrita","","","Lush meadows with cattle","38.029937","22.070155","","","","700","700","https://bio.acousti.ca/node/11218"
"11220","Europe: France: Border between Savoie and Hautes-Alpes, c. 25km NW of Briancon","","","","","","","Scanty herbs","45.107806","6.234801","","","","","","https://bio.acousti.ca/node/11220"
"11222","Europe: Spain: Huesca, Torla, by C138","Europe","ES","Huesca","Torla","","","Rough roadside vegetation","42.627489","-0.110414","","","","","","https://bio.acousti.ca/node/11222"
"11224","Europe: Spain: Barcelona, Sierra del Cadi, 8km WSW of La Molina, Coll. de Pal, 2100m","","","","","","","Alpine meadow","42.328066","1.841307","","","","2100","2100","https://bio.acousti.ca/node/11224"
"11226","Europe: France: Alpes-Maritimes near Col de Vence, 940m","Europe","FR","","Col de Vence","","","Open woodland","43.760479","7.075635","","","","940","940","https://bio.acousti.ca/node/11226"
"11230","Europe: Spain: Madrid, Porto de la Morcuera, 1796m","Europe","ES","Madrid","Porto de la Morcuera","","","","40.818713","-3.822639","","","","1796","1796","https://bio.acousti.ca/node/11230"
"11231","Europe: Spain: Avila, Sierra de Gredos, AV931 to Pico Almanzor, 1600m","Europe","ES","Avila","Sierra de Gredos","","","On broom","40.307606","-5.190633","","","","1600","1600","https://bio.acousti.ca/node/11231"
"11233","Ghana: Eastern Region, Tafo.","","","","","","","","6.739066","-1.611621","","","","","","https://bio.acousti.ca/node/11233"
"11235","Europe: Spain: Granada, Sierra Nevada, El Chorrillo, 2700m","Europe","ES","Sierra Nevada","","Granada","","Stony hillside with low shrubs","28.412898","-16.330888","","","","2700","2700","https://bio.acousti.ca/node/11235"
"11237","Europe: Spain: Granada, Sierra Nevada, Veleta, 2500m.","Europe","ES","Sierra Nevada","Veleta","Granada","","","37.055875","-3.365098","","","","2500","2500","https://bio.acousti.ca/node/11237"
"11239","Europe: Spain: Granada, Sierra Nevada, 1km NW of Pico del Veleta, 2900m.","Europe","ES","Sierra Nevada","Pico del Veleta","Granada","","","37.066491","-3.380891","","","","2900","2900","https://bio.acousti.ca/node/11239"
"11241","Nottingham University","","","","","","","","52.9385004346143","-1.19888305664062","","","","","","https://bio.acousti.ca/node/11241"
"11242","USA: Colorado, Cowdrey, Big Creek Lakes.","Northern America","US","Colrado","","","","","40.942722","-106.61109","","","","","","https://bio.acousti.ca/node/11242"
"11244","Canada: Toronto","Northern America","CA","","Toronto","","","","43.6917079030738","-79.4146728515625","","","","","","https://bio.acousti.ca/node/11244"
"11245","Canada: British Colombia, near Rutland, Okanagan Valley","Northern America","CA","British Colombia","","","","","49.853293","-119.272083","","","","","","https://bio.acousti.ca/node/11245"
"11247","Yugoslavia: Montenegro, c. 5km NW of Cetinje.","Europe","ME","","Cetinje","","","","42.431017","18.845952","","","","","","https://bio.acousti.ca/node/11247"
"11249","Biology Department, Open University","","","","","","","","","","","","","","","https://bio.acousti.ca/node/11249"
"11250","Uganda: Ankole, Kasyoha-kitani Forest","Africa","UG","Ankole","","","","","-0.250515","30.252747","","","","","","https://bio.acousti.ca/node/11250"
"11252","Uganda: South end of Queen Elizabeth Park, Ishasha.","Africa","UG","","Ishasha","","","Low tree","0.074686","30.100601","","","","","","https://bio.acousti.ca/node/11252"
"11254","Europe: France: Vaucluse, Mont Ventoux, Road from Bedoin. 1350m","Europe","FR","Vaucluse","Mont Ventoux","","","Stony hillside with conifers and grassy areas","44.171185","5.284424","","","","1350","1350","https://bio.acousti.ca/node/11254"
"11256","Hotel Les Oliviers, St MArtin du VAr, Alpes Maritimes.","","","","","","","","","","","","","","","https://bio.acousti.ca/node/11256"
"11257","Europe: France: Vaucluse, Monet Ventoux.","Europe","FR","Vaucluse","Mont Ventoux","","","","44.17439","5.278952","","","","","","https://bio.acousti.ca/node/11257"
"11620","Africa: South Africa: KwaZulu-Natal: Southbroom","Africa","ZA","","KwaZulu-Natal","","","Southbroom","-30.918","30.313","","","","","","https://bio.acousti.ca/node/11620"
"11621","Africa: South Africa: Limpopo: Ingwe Lodge, Makhado","Africa","ZA","","Limpopo","","","Ingwe Lodge, Makhado","-22.964","29.935","","","","","","https://bio.acousti.ca/node/11621"
"11622","Africa: South Africa: Limpopo: Morning Sun Ranch, Makhado","Africa","ZA","","Limpopo","","","Morning Sun Ranch, Makhado","-22.94","29.876","","","","","","https://bio.acousti.ca/node/11622"
"11623","Africa: South Africa: Western Cape: Morning Sun Ranch, Makhado","Africa","ZA","","Western Cape","","","Morning Sun Ranch, Makhado","-22.944","29.891","","","","","","https://bio.acousti.ca/node/11623"
"11624","Africa: South Africa: KwaZulu-Natal: Umlalazi N.R. Mtunzini","Africa","ZA","","KwaZulu-Natal","","","Umlalazi N.R. Mtunzini","-28.956","31.772","","","","","","https://bio.acousti.ca/node/11624"
"11625","Africa: South Africa: KwaZulu-Natal: Trafalgar","Africa","ZA","","KwaZulu-Natal","","","Trafalgar","-30.959","30.295","","","","","","https://bio.acousti.ca/node/11625"
"11626","Africa: South Africa: Limpopo: Morning Sun Ranch, Makhado","Africa","ZA","","Limpopo","","","Morning Sun Ranch, Makhado","-22.944","29.905","","","","","","https://bio.acousti.ca/node/11626"
"11627","Africa: Malawi: : M1 N Dedza","Africa","","","","","","M1 N Dedza","-14.306","34.178","","","","","","https://bio.acousti.ca/node/11627"
"11628","Africa: South Africa: Eastern Cape: Queenstown","Africa","ZA","","Eastern Cape","","","Queenstown","-31.895","26.893","","","","","","https://bio.acousti.ca/node/11628"
"11629","Africa: South Africa: Eastern Cape: Haga Haga","Africa","ZA","","Eastern Cape","","","Haga Haga","-32.759","28.25","","","","","","https://bio.acousti.ca/node/11629"
"11630","Africa: South Africa: Western Cape: Arniston","Africa","ZA","","Western Cape","","","Arniston","-34.661","20.22","","","","","","https://bio.acousti.ca/node/11630"
"11631","Africa: South Africa: Western Cape: 4km W Die Dam","Africa","ZA","","Western Cape","","","4km W Die Dam","-34.75","19.678","","","","","","https://bio.acousti.ca/node/11631"
"11632","Africa: South Africa: Eastern Cape: Gamtoos Pass","Africa","ZA","","Eastern Cape","","","Gamtoos Pass","-33.912","25.05","","","","","","https://bio.acousti.ca/node/11632"
"11633","Africa: South Africa: KwaZulu-Natal: Liesure Bay","Africa","ZA","","KwaZulu-Natal","","","Liesure Bay","-31.015","30.234","","","","","","https://bio.acousti.ca/node/11633"
"11634","Africa: South Africa: KwaZulu-Natal: Nkandhla Forest","Africa","ZA","","KwaZulu-Natal","","","Nkandhla Forest","-28.71","31.143","","","","","","https://bio.acousti.ca/node/11634"
"11635","Africa: South Africa: Western Cape: Sir Lowry's Pass","Africa","ZA","","Western Cape","","","Sir Lowry's Pass","-34.135","18.925","","","","","","https://bio.acousti.ca/node/11635"
"11636","Africa: South Africa: Western Cape: Grabow","Africa","ZA","","Western Cape","","","Grabow","-34.162","19.011","","","","","","https://bio.acousti.ca/node/11636"
"11637","Africa: South Africa: Western Cape: Houwhoek Pass","Africa","ZA","","Western Cape","","","Houwhoek Pass","-34.229","19.188","","","","","","https://bio.acousti.ca/node/11637"
"11638","Africa: South Africa: Western Cape: Prince Albert Pass","Africa","ZA","","Western Cape","","","Prince Albert Pass","-33.865","23.153","","","","","","https://bio.acousti.ca/node/11638"
"11639","Africa: South Africa: Eastern Cape: N2 nr Humansdorp","Africa","ZA","","Eastern Cape","","","N2 nr Humansdorp","-34.054","24.493","","","","","","https://bio.acousti.ca/node/11639"
"11640","Africa: South Africa: Western Cape: 20km W Swellendam R324","Africa","ZA","","Western Cape","","","20km W Swellendam R324","-34.011","20.623","","","","","","https://bio.acousti.ca/node/11640"
"11641","Africa: South Africa: Western Cape: R328 Robinson Pass","Africa","ZA","","Western Cape","","","R328 Robinson Pass","-33.982","22.042","","","","","","https://bio.acousti.ca/node/11641"
"11642","Africa: South Africa: Western Cape: Swartberg Pass","Africa","ZA","","Western Cape","","","Swartberg Pass","-33.368","22.102","","","","","","https://bio.acousti.ca/node/11642"
"11643","Africa: South Africa: Western Cape: Tradouws Pass","Africa","ZA","","Western Cape","","","Tradouws Pass","-33.924","20.711","","","","","","https://bio.acousti.ca/node/11643"
"11644","Africa: South Africa: Western Cape: nr Witrivier","Africa","ZA","","Western Cape","","","nr Witrivier","-33.511","19.193","","","","","","https://bio.acousti.ca/node/11644"
"11645","Africa: South Africa: Eastern Cape: 10km E Hankey","Africa","ZA","","Eastern Cape","","","10km E Hankey","-33.841","24.991","","","","","","https://bio.acousti.ca/node/11645"
"11646","Africa: South Africa: Eastern Cape: nr Coffee Bay","Africa","ZA","","Eastern Cape","","","nr Coffee Bay","-31.911","28.961","","","","","","https://bio.acousti.ca/node/11646"
"11647","Africa: South Africa: Eastern Cape: Port St. Johns","Africa","ZA","","Eastern Cape","","","Port St. Johns","-31.64","29.515","","","","","","https://bio.acousti.ca/node/11647"
"11648","Africa: South Africa: Eastern Cape: Horns-up Pub, Kenton","Africa","ZA","","Eastern Cape","","","Horns-up Pub, Kenton","-33.653","26.653","","","","","","https://bio.acousti.ca/node/11648"
"11649","Africa: South Africa: Eastern Cape: Zuurberg Pass","Africa","ZA","","Eastern Cape","","","Zuurberg Pass","-33.381","25.714","","","","","","https://bio.acousti.ca/node/11649"
"11650","Africa: South Africa: Eastern Cape: Nico Malan Pass","Africa","ZA","","Eastern Cape","","","Nico Malan Pass","-32.383","26.91","","","","","","https://bio.acousti.ca/node/11650"
"11651","Africa: South Africa: Free State: N1 nr Harrismith","Africa","ZA","","Free State","","","N1 nr Harrismith","-28.318","29.187","","","","","","https://bio.acousti.ca/node/11651"
"11652","Africa: South Africa: Eastern Cape: Woodcliffe Farm nr Maclear","Africa","ZA","","Eastern Cape","","","Woodcliffe Farm nr Maclear","-30.994","28.19","","","","","","https://bio.acousti.ca/node/11652"
"11653","Africa: South Africa: Mpumalanga: R533 nr Grasskop","Africa","ZA","","Mpumalanga","","","R533 nr Grasskop","-24.952","30.846","","","","","","https://bio.acousti.ca/node/11653"
"11654","Africa: South Africa: KwaZulu-Natal: R543 nr Piet Retief","Africa","ZA","","KwaZulu-Natal","","","R543 nr Piet Retief","-27.281","30.358","","","","","","https://bio.acousti.ca/node/11654"
"11655","Africa: South Africa: KwaZulu-Natal: Fort Nottingham","Africa","ZA","","KwaZulu-Natal","","","Fort Nottingham","-29.376","29.993","","","","","","https://bio.acousti.ca/node/11655"
"11656","Africa: South Africa: Eastern Cape: 10km S Whittlesea","Africa","ZA","","Eastern Cape","","","10km S Whittlesea","-32.256","26.863","","","","","","https://bio.acousti.ca/node/11656"
"11657","Africa: South Africa: Free State: R74 nr Harrismith","Africa","ZA","","Free State","","","R74 nr Harrismith","-28.563","29.072","","","","","","https://bio.acousti.ca/node/11657"
"11658","Africa: South Africa: Mpumalanga: R38 nr Barberton","Africa","ZA","","Mpumalanga","","","R38 nr Barberton","-25.653","31.266","","","","","","https://bio.acousti.ca/node/11658"
"11659","Africa: South Africa: Mpumalanga: R33 nr Houtkop Farm","Africa","ZA","","Mpumalanga","","","R33 nr Houtkop Farm","-26.678","30.706","","","","","","https://bio.acousti.ca/node/11659"
"11660","Africa: South Africa: KwaZulu-Natal: nr Jozini","Africa","ZA","","KwaZulu-Natal","","","nr Jozini","-27.046","32.347","","","","","","https://bio.acousti.ca/node/11660"
"11661","Africa: South Africa: Limpopo: R36 nr Tzaneen","Africa","ZA","","Limpopo","","","R36 nr Tzaneen","-23.622","30.127","","","","","","https://bio.acousti.ca/node/11661"
"11662","Africa: South Africa: Limpopo: R523 nr Vivo","Africa","ZA","","Limpopo","","","R523 nr Vivo","-22.98","29.281","","","","","","https://bio.acousti.ca/node/11662"
"11663","Africa: South Africa: Mpumalanga: R38 nr Barberton","Africa","ZA","","Mpumalanga","","","R38 nr Barberton","-25.722","31.058","","","","","","https://bio.acousti.ca/node/11663"
"11664","Africa: South Africa: Limpopo: Morning Sun Ranch, Makhado","Africa","ZA","","Limpopo","","","Morning Sun Ranch, Makhado","-22.941","29.878","","","","","","https://bio.acousti.ca/node/11664"
"11665","Africa: South Africa: Mpumalanga: Blyde River Canyon","Africa","ZA","","Mpumalanga","","","Blyde River Canyon","-24.554","30.733","","","","","","https://bio.acousti.ca/node/11665"
"11666","Africa: South Africa: KwaZulu-Natal: nr Qudeni Forest","Africa","ZA","","KwaZulu-Natal","","","nr Qudeni Forest","-28.919","30.852","","","","","","https://bio.acousti.ca/node/11666"
"11667","Africa: South Africa: Mpumalanga: Blyde River Canyon","Africa","ZA","","Mpumalanga","","","Blyde River Canyon","-24.685","30.813","","","","","","https://bio.acousti.ca/node/11667"
"11668","Africa: South Africa: Mpumalanga: Blyde River Canyon","Africa","ZA","","Mpumalanga","","","Blyde River Canyon","-24.637","30.81","","","","","","https://bio.acousti.ca/node/11668"
"11669","Africa: South Africa: Eastern Cape: nr Coombs View","Africa","ZA","","Eastern Cape","","","nr Coombs View","-33.281","26.808","","","","","","https://bio.acousti.ca/node/11669"
"11670","Africa: South Africa: Eastern Cape: Fish River Hotel","Africa","ZA","","Eastern Cape","","","Fish River Hotel","-33.477","27.141","","","","","","https://bio.acousti.ca/node/11670"
"11671","Africa: South Africa: Eastern Cape: 7km S Paterson","Africa","ZA","","Eastern Cape","","","7km S Paterson","-33.486","25.932","","","","","","https://bio.acousti.ca/node/11671"
"11672","Africa: South Africa: Northern Cape: Groblershoop","Africa","ZA","","Northern Cape","","","Groblershoop","-28.886","21.979","","","","","","https://bio.acousti.ca/node/11672"
"11673","Africa: South Africa: KwaZulu-Natal: Richards Bay","Africa","ZA","","KwaZulu-Natal","","","Richards Bay","-28.71","32.189","","","","","","https://bio.acousti.ca/node/11673"
"11674","Africa: South Africa: Limpopo: R36 nr Tzaneen","Africa","ZA","","Limpopo","","","R36 nr Tzaneen","-23.649","30.172","","","","","","https://bio.acousti.ca/node/11674"
"11675","Africa: Malawi: : Chikongawa (Perekezi)","Africa","","","","","","Chikongawa (Perekezi)","-11.937","33.698","","","","","","https://bio.acousti.ca/node/11675"
"11676","Africa: South Africa: KwaZulu-Natal: nr Sodwana","Africa","ZA","","KwaZulu-Natal","","","nr Sodwana","-27.598","32.452","","","","","","https://bio.acousti.ca/node/11676"
"11677","Africa: South Africa: KwaZulu-Natal: Umlalazi N.R. Mtunzini","Africa","ZA","","KwaZulu-Natal","","","Umlalazi N.R. Mtunzini","-28.955","31.776","","","","","","https://bio.acousti.ca/node/11677"
"11678","Africa: South Africa: Kwazulu-Natal: Iphiva Forest, St. Lucia","Africa","ZA","","Kwazulu-Natal","","","Iphiva Forest, St. Lucia","-28.353","32.433","","","","","","https://bio.acousti.ca/node/11678"
"11679","Africa: South Africa: Limpopo: R36 Abel Erasmus Pass","Africa","ZA","","Limpopo","","","R36 Abel Erasmus Pass","-24.552","30.622","","","","","","https://bio.acousti.ca/node/11679"
"11680","Africa: South Africa: KwaZulu-Natal: Pongolapoort Pass","Africa","ZA","","KwaZulu-Natal","","","Pongolapoort Pass","-27.497","32.012","","","","","","https://bio.acousti.ca/node/11680"
"11681","Africa: Malawi: : Chongoni Forest Reserve","Africa","","","","","","Chongoni Forest Reserve","-14.32","34.264","","","","","","https://bio.acousti.ca/node/11681"
"11682","Africa: South Africa: Eastern Cape: Ghwarriepoort River","Africa","ZA","","Eastern Cape","","","Ghwarriepoort River","-33.387","23.393","","","","","","https://bio.acousti.ca/node/11682"
"11683","Africa: South Africa: Eastern Cape: Steydtlerville","Africa","ZA","","Eastern Cape","","","Steydtlerville","-33.336","24.338","","","","","","https://bio.acousti.ca/node/11683"
"11684","Africa: South Africa: Eastern Cape: Fort Brown","Africa","ZA","","Eastern Cape","","","Fort Brown","-33.132","26.618","","","","","","https://bio.acousti.ca/node/11684"
"11685","Africa: South Africa: Eastern Cape: Great Fish River bridge","Africa","ZA","","Eastern Cape","","","Great Fish River bridge","-31.91","25.413","","","","","","https://bio.acousti.ca/node/11685"
"11686","Africa: South Africa: Western Cape: 4km W De Rust","Africa","ZA","","Western Cape","","","4km W De Rust","-33.507","22.498","","","","","","https://bio.acousti.ca/node/11686"
"11687","Africa: South Africa: Western Cape: R407 40km E Prince Albert","Africa","ZA","","Western Cape","","","R407 40km E Prince Albert","-33.221","22.426","","","","","","https://bio.acousti.ca/node/11687"
"11688","Africa: South Africa: Eastern Cape: nr Addo N.P.","Africa","ZA","","Eastern Cape","","","nr Addo N.P.","-33.487","25.707","","","","","","https://bio.acousti.ca/node/11688"
"11689","Africa: South Africa: Eastern Cape: Paniel Farm","Africa","ZA","","Eastern Cape","","","Paniel Farm","-33.48","25.331","","","","","","https://bio.acousti.ca/node/11689"
"11690","Africa: South Africa: Eastern Cape: Nanaga","Africa","ZA","","Eastern Cape","","","Nanaga","-33.607","25.922","","","","","","https://bio.acousti.ca/node/11690"
"11691","Africa: South Africa: KwaZulu-Natal: Amajuba nr Newcastle","Africa","ZA","","KwaZulu-Natal","","","Amajuba nr Newcastle","-27.562","29.885","","","","","","https://bio.acousti.ca/node/11691"
"11692","Africa: South Africa: Limpopo: R528 nr Tzaneen","Africa","ZA","","Limpopo","","","R528 nr Tzaneen","-23.938","30.024","","","","","","https://bio.acousti.ca/node/11692"
"11693","Africa: South Africa: Eastern Cape: Woodcliffe Farm nr Maclear","Africa","ZA","","Eastern Cape","","","Woodcliffe Farm nr Maclear","-30.987","28.23","","","","","","https://bio.acousti.ca/node/11693"
"11694","Africa: South Africa: KwaZulu-Natal: Umkomaas Valley","Africa","ZA","","KwaZulu-Natal","","","Umkomaas Valley","-29.726","29.937","","","","","","https://bio.acousti.ca/node/11694"
"11695","Africa: South Africa: KwaZulu-Natal: R74 nr Grasskop","Africa","ZA","","KwaZulu-Natal","","","R74 nr Grasskop","-29.034","30.89","","","","","","https://bio.acousti.ca/node/11695"
"11696","Africa: South Africa: KwaZulu-Natal: R614 nr Wartberg","Africa","ZA","","KwaZulu-Natal","","","R614 nr Wartberg","-29.527","31.099","","","","","","https://bio.acousti.ca/node/11696"
"11697","Africa: South Africa: Eastern Cape: Coffee Bay","Africa","ZA","","Eastern Cape","","","Coffee Bay","-31.987","29.152","","","","","","https://bio.acousti.ca/node/11697"
"11698","Africa: South Africa: Northern Cape: nr Groenriviermond","Africa","ZA","","Northern Cape","","","nr Groenriviermond","-30.804","17.602","","","","","","https://bio.acousti.ca/node/11698"
"11699","Africa: South Africa: KwaZulu-Natal: N11 nr Newcastle","Africa","ZA","","KwaZulu-Natal","","","N11 nr Newcastle","-27.861","29.947","","","","","","https://bio.acousti.ca/node/11699"
"11700","Africa: South Africa: Western Cape: nr Robinson Pass","Africa","ZA","","Western Cape","","","nr Robinson Pass","-33.763","22.085","","","","","","https://bio.acousti.ca/node/11700"
"11701","Africa: South Africa: Western Cape: 10km E Calitzdorp","Africa","ZA","","Western Cape","","","10km E Calitzdorp","-33.525","21.732","","","","","","https://bio.acousti.ca/node/11701"
"11702","Africa: South Africa: Western Cape: nr Karookloof","Africa","ZA","","Western Cape","","","nr Karookloof","-33.25","19.69","","","","","","https://bio.acousti.ca/node/11702"
"11703","Africa: Malawi: :","Africa","","","","","","","-12.111","33.649","","","","","","https://bio.acousti.ca/node/11703"
"11704","Africa: Malawi: : Chikongawa, Tamgatamga Forest","Africa","","","","","","Chikongawa, Tamgatamga Forest","-11.937","33.698","","","","","","https://bio.acousti.ca/node/11704"
"11705","Africa: Malawi: : M1 S Mzimba","Africa","","","","","","M1 S Mzimba","-12.111","33.649","","","","","","https://bio.acousti.ca/node/11705"
"11706","Africa: Malawi: : Nyika N.P.","Africa","","","","","","Nyika N.P.","-10.817","33.591","","","","","","https://bio.acousti.ca/node/11706"
"11707","Africa: Malawi: : Kaning'ina Forest","Africa","","","","","","Kaning'ina Forest","-11.473","34.073","","","","","","https://bio.acousti.ca/node/11707"
"11708","Africa: South Africa: Eastern Cape: nr Cala","Africa","ZA","","Eastern Cape","","","nr Cala","-31.593","27.937","","","","","","https://bio.acousti.ca/node/11708"
"11709","Africa: South Africa: Eastern Cape: Rietfontein Farm","Africa","ZA","","Eastern Cape","","","Rietfontein Farm","-32.968","23.715","","","","","","https://bio.acousti.ca/node/11709"
"11710","Africa: South Africa: Kwazulu-Natal: Vernon Crookes N.R.","Africa","ZA","","Kwazulu-Natal","","","Vernon Crookes N.R.","-30.268","30.612","","","","","","https://bio.acousti.ca/node/11710"
"11711","Africa: South Africa: Western Cape: 5km NW Van Wyksdorp","Africa","ZA","","Western Cape","","","5km NW Van Wyksdorp","-33.702","21.343","","","","","","https://bio.acousti.ca/node/11711"
"11712","Africa: South Africa: Western Cape: 10km S De Rust","Africa","ZA","","Western Cape","","","10km S De Rust","-33.881","22.459","","","","","","https://bio.acousti.ca/node/11712"
"11713","Africa: South Africa: Western Cape: Merringspoort Pass","Africa","ZA","","Western Cape","","","Merringspoort Pass","-33.4","22.561","","","","","","https://bio.acousti.ca/node/11713"
"11714","Africa: South Africa: Western Cape: 4km E Kuisrivier","Africa","ZA","","Western Cape","","","4km E Kuisrivier","-33.425","21.942","","","","","","https://bio.acousti.ca/node/11714"
"11715","Africa: South Africa: Western Cape: 2km E of Barrydale","Africa","ZA","","Western Cape","","","2km E of Barrydale","-33.855","20.804","","","","","","https://bio.acousti.ca/node/11715"
"11716","Africa: South Africa: Eastern Cape: Collingham Ridge","Africa","ZA","","Eastern Cape","","","Collingham Ridge","-33.298","26.745","","","","","","https://bio.acousti.ca/node/11716"
"11717","Africa: South Africa: Eastern Cape: Collingham Ridge","Africa","ZA","","Eastern Cape","","","Collingham Ridge","-33.284","26.703","","","","","","https://bio.acousti.ca/node/11717"
"11718","Africa: South Africa: Western Cape: Die Koo","Africa","ZA","","Western Cape","","","Die Koo","-33.604","19.86","","","","","","https://bio.acousti.ca/node/11718"
"11719","Africa: South Africa: Western Cape: 45km N Montague","Africa","ZA","","Western Cape","","","45km N Montague","-33.691","19.876","","","","","","https://bio.acousti.ca/node/11719"
"11720","Africa: South Africa: Western Cape: 20km E Kagga Kama","Africa","ZA","","Western Cape","","","20km E Kagga Kama","-32.893","19.689","","","","","","https://bio.acousti.ca/node/11720"
"11721","Africa: South Africa: Northern Cape: Van Ryns Pass","Africa","ZA","","Northern Cape","","","Van Ryns Pass","-31.371","19.019","","","","","","https://bio.acousti.ca/node/11721"
"11722","Africa: South Africa: Western Cape: Pikenierskloof Pass","Africa","ZA","","Western Cape","","","Pikenierskloof Pass","-32.614","18.963","","","","","","https://bio.acousti.ca/node/11722"
"11723","Africa: South Africa: Western Cape: Leeuwenshof","Africa","ZA","","Western Cape","","","Leeuwenshof","-32.891","19.766","","","","","","https://bio.acousti.ca/node/11723"
"11724","Africa: South Africa: Western Cape: Trawal","Africa","ZA","","Western Cape","","","Trawal","-31.884","18.637","","","","","","https://bio.acousti.ca/node/11724"
"11725","Africa: South Africa: Western Cape: 15km S Ladismith R327","Africa","ZA","","Western Cape","","","15km S Ladismith R327","-33.597","21.243","","","","","","https://bio.acousti.ca/node/11725"
"11726","Africa: South Africa: Western Cape: 20km SE Prince Albert","Africa","ZA","","Western Cape","","","20km SE Prince Albert","-33.27","22.158","","","","","","https://bio.acousti.ca/node/11726"
"11727","Africa: South Africa: Western Cape: 5km W Prince Albert","Africa","ZA","","Western Cape","","","5km W Prince Albert","-33.191","22.013","","","","","","https://bio.acousti.ca/node/11727"
"11728","Africa: South Africa: Western Cape: R62 30km SW Ladismith","Africa","ZA","","Western Cape","","","R62 30km SW Ladismith","-33.665","20.997","","","","","","https://bio.acousti.ca/node/11728"
"11729","Africa: South Africa: Western Cape: 20km S Ladismith","Africa","ZA","","Western Cape","","","20km S Ladismith","-33.653","21.181","","","","","","https://bio.acousti.ca/node/11729"
"11730","Africa: South Africa: Western Cape: N Swartberg Pass","Africa","ZA","","Western Cape","","","N Swartberg Pass","-33.288","22.052","","","","","","https://bio.acousti.ca/node/11730"
"11731","Africa: South Africa: Western Cape: Gamka River","Africa","ZA","","Western Cape","","","Gamka River","-33.117","21.927","","","","","","https://bio.acousti.ca/node/11731"
"11732","Africa: South Africa: Western Cape: 20km N Laingsburg","Africa","ZA","","Western Cape","","","20km N Laingsburg","-33.176","20.985","","","","","","https://bio.acousti.ca/node/11732"
"11733","Africa: South Africa: Western Cape: nr Maitjiesfontein","Africa","ZA","","Western Cape","","","nr Maitjiesfontein","-33.229","20.548","","","","","","https://bio.acousti.ca/node/11733"
"11734","Africa: South Africa: Western Cape: 2.5km E of Ganskop","Africa","ZA","","Western Cape","","","2.5km E of Ganskop","-33.649","21.019","","","","","","https://bio.acousti.ca/node/11734"
"11735","Africa: South Africa: Western Cape: 12km E of Barrydale","Africa","ZA","","Western Cape","","","12km E of Barrydale","-33.813","20.898","","","","","","https://bio.acousti.ca/node/11735"
"11736","Africa: South Africa: Eastern Cape: 10km SE Hankey","Africa","ZA","","Eastern Cape","","","10km SE Hankey","-33.839","24.938","","","","","","https://bio.acousti.ca/node/11736"
"11737","Africa: South Africa: Eastern Cape: Gamtoos River bridge","Africa","ZA","","Eastern Cape","","","Gamtoos River bridge","-33.935","25.009","","","","","","https://bio.acousti.ca/node/11737"
"11738","Africa: South Africa: Eastern Cape: nr Thornhill","Africa","ZA","","Eastern Cape","","","nr Thornhill","-33.896","25.125","","","","","","https://bio.acousti.ca/node/11738"
"11739","Africa: South Africa: Eastern Cape: Gamtoos Pass","Africa","ZA","","Eastern Cape","","","Gamtoos Pass","-33.9","25.116","","","","","","https://bio.acousti.ca/node/11739"
"11740","Africa: South Africa: Eastern Cape: 15km SE Maclear","Africa","ZA","","Eastern Cape","","","15km SE Maclear","-31.172","28.571","","","","","","https://bio.acousti.ca/node/11740"
"11741","Africa: South Africa: Western Cape: Caledon","Africa","ZA","","Western Cape","","","Caledon","-34.228","19.43","","","","","","https://bio.acousti.ca/node/11741"
"11742","Africa: South Africa: Western Cape: Citrusdal","Africa","ZA","","Western Cape","","","Citrusdal","-32.599","19.003","","","","","","https://bio.acousti.ca/node/11742"
"11743","Africa: South Africa: Mpumalanga: R570 nr Malelane","Africa","ZA","","Mpumalanga","","","R570 nr Malelane","-25.504","31.58","","","","","","https://bio.acousti.ca/node/11743"
"11744","Africa: South Africa: Limpopo: R523 nr Vivo","Africa","ZA","","Limpopo","","","R523 nr Vivo","-22.97","29.331","","","","","","https://bio.acousti.ca/node/11744"
"11745","Africa: South Africa: Limpopo: nr Vivo","Africa","ZA","","Limpopo","","","nr Vivo","-22.935","29.378","","","","","","https://bio.acousti.ca/node/11745"
"11746","Africa: South Africa: Limpopo: R523 nr Vivo","Africa","ZA","","Limpopo","","","R523 nr Vivo","-22.879","29.777","","","","","","https://bio.acousti.ca/node/11746"
"11747","Africa: South Africa: Eastern Cape: Nico Malan Pass","Africa","ZA","","Eastern Cape","","","Nico Malan Pass","-32.504","26.815","","","","","","https://bio.acousti.ca/node/11747"
"11748","Africa: South Africa: KwaZulu-Natal: Mission Rock, St. Lucia","Africa","ZA","","KwaZulu-Natal","","","Mission Rock, St. Lucia","-28.278","32.485","","","","","","https://bio.acousti.ca/node/11748"
"11749","Africa: South Africa: Western Cape: Maatjies River","Africa","ZA","","Western Cape","","","Maatjies River","-33.981","23.458","","","","","","https://bio.acousti.ca/node/11749"
"11794","USA: Texas, Marlin","","","","","","","","31.306128484744","-96.9004440307617","","","","","","https://bio.acousti.ca/node/11794"
"11822","Europe: France: Pyrenees-Orientales: near Saillagouse, 1km S of Eyne","Europe","FR","Pyrenees-Orientales","","","","near Saillagiuse, 1km S. of Eyne","42.456318","2.060016","1000","","","","","https://bio.acousti.ca/node/11822"
"11824","Europe: France: Herault: 5km E of Lunel","Europe","FR","Herault","","","","5km E. of Lunel","43.670258","4.229076","5000","","","","","https://bio.acousti.ca/node/11824"
"11920","Wytham Woods","Europe","GB","England","Oxfordshire","","","Wytham Woods","51.7687959700568","-1.33303642272949","","","","","","https://bio.acousti.ca/node/11920"
"11945","Italy: Rome","Europe","IT","","Rome","","","","41.7713116797641","12.568359375","20000","","","","","https://bio.acousti.ca/node/11945"
"11960","Flanagan PhD: ABE","Europe","IT","Tuscana","","","","Mte. Abetone","44","10.4","","","","","","https://bio.acousti.ca/node/11960"
"11961","Flanagan PhD: AOS","Europe","IT","Val d'Aosta","","","","Aosta","45.4","7.1","","","","","","https://bio.acousti.ca/node/11961"
"11962","Flanagan PhD: CUN","Europe","IT","Piemonte","","","","Cuneo","44.2","7.3","","","","","","https://bio.acousti.ca/node/11962"
"11963","Flanagan PhD: GAP","Europe","FR","Hautes Alpes","","","","Gap","44.3","6","","","","","","https://bio.acousti.ca/node/11963"
"11964","Flanagan PhD: MAT","Europe","IT","Campania","","","","Lago Matese","41.2","14.2","","","","","","https://bio.acousti.ca/node/11964"
"11965","Flanagan PhD: OVI","Europe","IT","Abruzzi","","","","Ovindoli","42","13.3","","","","","","https://bio.acousti.ca/node/11965"
"11966","Flanagan PhD: SEM","Europe","CH","","","","","Sembrancher, Nr. Martigny-Ville","46","7","","","","","","https://bio.acousti.ca/node/11966"
"11967","Indian Ocean; Aldabra Group; Aldabra Atoll","Indian Ocean","SC","","","Aldabra Atoll","Aldabra Group","","-9.416681","46.41665","10000","","","","","https://bio.acousti.ca/node/11967"
"12024","AU.NT.WMR","Australasia","AU","Western Australia","","","","Warrego Mine road, 18.9km NW of Stuart Hwy, NW of Tennant Creek","-19.5093146066463","134.068222045898","","","","","","https://bio.acousti.ca/node/12024"
"12149","Las Cuevas Research Station, Chiquibul, Belize","Southern America","BZ","","","","","","16.7332492","-88.9859962","","","","","","https://bio.acousti.ca/node/12149"
"12153","Estacion ANAM: Las Nubes, Chiriqui, Panama","Southern America","PA","","","","","","8.892619","-82.611351","","","","","","https://bio.acousti.ca/node/12153"
"12207","Europe: United Kingdom: England: Dorset: Lyme Regis: Site 1","Europe","GB","England","Dorset","","","Silver Street, Lyme Regis","50.7264453781068","-2.9393470287323","","","","","","https://bio.acousti.ca/node/12207"
"12210","Europe: United Kingdom: England: East Sussex: Ashdown Forest","Europe","GB","England","East Sussex","","","Ashdown Forest. Grassy heath.","51.0725","0.043056","","","","","","https://bio.acousti.ca/node/12210"
"12212","Europe: United Kingdom: Wales: West Glamorgan: Gower: Nicholaston Burrows","Europe","GB","Wales","West Glamorgan","","","Gower: Nicholaston Burrows","51.57216","-4.120681","","","","","","https://bio.acousti.ca/node/12212"
"12215","Europe: France: Herault: Agde","Europe","FR","Herault","","","","Agde","43.3108","3.4758","","","","","","https://bio.acousti.ca/node/12215"
"12217","Europe: Spain: Lerida: 16km WSW of Puigcerda, Bellver","Europe","ES","Girona","","","","16km WSW of Pugicerda","42.337993","1.685155","","","","","","https://bio.acousti.ca/node/12217"
"12219","Europe: Spain: Gerona: Colera: 3km S of Portbou","Europe","ES","Gerona","","","","Colera","42.39884","3.156698","","","","","","https://bio.acousti.ca/node/12219"
"12221","Europe: France: Herault: 8km E of La Salvetat: Fraisse s'Agout, Le Pioch","Europe","FR","Herault","","","","","43.606322","2.78098","","","","","","https://bio.acousti.ca/node/12221"
"12223","Europe: France: Herault: 6km SW of St. Chinian, Villespassans","Europe","FR","Herault","","","","","43.375296","2.892668","","","","","","https://bio.acousti.ca/node/12223"
"12225","Europe: United Kingdom: England: East Sussex: Castle Hill","Europe","GB","England","East Sussex","","","Castle Hill. Chalk downland.","50.846","-0.053","","","","","","https://bio.acousti.ca/node/12225"
"12227","Asia: Mongolia: c.200km W of Ulan Bator. c.1500m","Asia-Temperate","MN","","","","","","47.53","103.61","100000","","","","","https://bio.acousti.ca/node/12227"
"12229","Europe: United Kingdom: England: Kent: Dartford Marshes","Europe","GB","England","Kent","","","Dartford Marshes. Grassy bank by marsh.","51.476","0.222","","","","","","https://bio.acousti.ca/node/12229"
"12231","Europe: United Kingdom: England: Surrey: Oxshott Heath","Europe","GB","England","Surrey","","","Heath.","51.3388","-0.366","","","","","","https://bio.acousti.ca/node/12231"
"12233","Europe: United Kingdom: England: Dorset: nr Corfe Castle","Europe","GB","England","Dorset","","","Near Corfe Castle","50.640716","-2.056318","","","","","","https://bio.acousti.ca/node/12233"
"12236","Europe: United Kingdom: England: Dorest: Wareham: S of Town","Europe","GB","England","Dorset","","","Riverside Meadows","50.682587","-2.110507","","","","","","https://bio.acousti.ca/node/12236"
"12238","Europe: United Kingdom: England: Dorset: Isle of Purbeck","Europe","GB","England","Dorset","","","Isle of Purbeck","50.5413629652216","-2.43621826171875","","","","","","https://bio.acousti.ca/node/12238"
"12240","Europe: Greece: Thessalia: Just across border N of Dhomokos","Europe","GR","Thessalia","","","","","39.271188","22.248005","","","","","500","https://bio.acousti.ca/node/12240"
"12242","Room in private house. Eygelshoven, Netherlands.","","","","","","","","","","","","","","","https://bio.acousti.ca/node/12242"
"12243","Europe: Greece: Makedhonia: Thessaloniki: 4km NE of Vertiskos Village","Europe","GR","Makhedonia","Thessaloniki","","","","40.913745","23.270286","","","","","600","https://bio.acousti.ca/node/12243"
"12245","Europe: Greece: Peloponnisos: Akhaia: 5km S of Lagovuni (Kalavrita)","Europe","GR","Peloponnisos","Akhaia","","","","38.045547","22.110174","","","","","1100","https://bio.acousti.ca/node/12245"
"12247","Europe: Spain: Pyrenees: Gerona: Pto. de Tosas","Europe","ES","","","","","","","","","","","","","https://bio.acousti.ca/node/12247"
"12252","Asia: Malaysia: Sarawak: Mulu National Park: RGS Base Camp","Asia-Tropical","MY","Sarawak","4th Division","Borneo","","RGS Mulu Expedition, Base Camp Less than 30 metres above sea level 4°02'N 114°48'E. Sungai Melinau, affluent of Sungei Tutoh, 4th Division, Sarawak. Alluvial forest (JAR Anderson, preliminary report) + Limestone outlying hill.","4.033333","114.866667","","","","","65","https://bio.acousti.ca/node/12252"
"12253","Asia: Malaysia: Sarawak: Mulu National Park: RGS Camp II","Asia-Tropical","MY","Sarawak","4th Division","Borneo","","A steep stream affluent of the torrential river at camp I. Mixed dipterocarp forest, steep ridge terrain.","4.05","114.86667","","","","","500","https://bio.acousti.ca/node/12253"
"12257","Asia: Malaysia: Sarawak: Mulu National Park: RGS Camp III","Asia-Tropical","MY","Sarawak","4th Division","Borneo","","Montane forest, c.150m above zone of small diam. trees, on weakly defined ridge. 30m+ trees - good moss and epiphyte cover, some Nepenthes - peaty soil over grey clay & yellow clayey sand","4.03832","114.888995","","","","","1320","https://bio.acousti.ca/node/12257"
"12260","Asia: Malaysia: Sarawak: Mulu National Park: RGS Camp IV","Asia-Tropical","MY","Sarawak","4th Division","Borneo","","Montane forest, on exposed, steep ridge terrain, tree height 5-30m., thick growth, heavy moss cover, peat hummocks.","4.05","114.91667","","","","","1800","https://bio.acousti.ca/node/12260"
"12264","Asia: Malaysia: Sarawak: Mulu National Park: RGS Camp V","","","","","","","","","","","","","","","https://bio.acousti.ca/node/12264"
"12269","Asia: Malaysia: Sarawak: Mulu National Park: RGS Camp I","Asia-Tropical","MY","Sarawak","4th Division","Borneo","","RGS Mulu Expedition Camp I 220 meters above sea level (Hemming) 4°03'N 114°52'E Small affluent of the Sungei Melinau Paku. Lower edge of the mixed dipterocarp forest, within 1km of alluvial forest, between moderate and steep ridge terrain.","4.05","114.866667","","","","","220","https://bio.acousti.ca/node/12269"
"12301","Asia: Malaysia: Sarawak: Mulu National Park: RGS Pinnacles Camp","","","","","","","","4.120964","114.884734","","","","","","https://bio.acousti.ca/node/12301"
"12319","Asia: Malaysia: Sarawak: Mulu National Park: RGS Camp 2.5","","","","","","","","","","","","","","","https://bio.acousti.ca/node/12319"
"12372","Asia: Malaysia: Sarawak: Mulu National Park: RGS Kernagas Camp","","","","","","","","","","","","","","","https://bio.acousti.ca/node/12372"
"12404","Europe: Turkey: East Turkey: Mandrakoy near Babaeski","Europe","TR","","","","","Mandrakoy near Babaeski","41.3603","27.0714","","","","","","https://bio.acousti.ca/node/12404"
"12406","Europe: Turkey: N of Sarkoy","Europe","TR","","","","","","40.6454","27.0948","","","","","80","https://bio.acousti.ca/node/12406"
"12588","Europe: France: Dordogne, near Sarlat, Petite Rou de Puymartin","Europe","FR","","","","","","44.910372","1.140851","","","","","","https://bio.acousti.ca/node/12588"
"12591","Europe: Portugal: Algarve, Albufeira","Europe","PT","","","","","","37.102706","-8.246243","10000","","","","","https://bio.acousti.ca/node/12591"
"12593","Europe: France: Dordogne, Meyrals","Europe","FR","","","","","","44.885","1.395","","","Specimen label gives 49.855 degrees N - this is not in the Dordogne area as specified (Dorgogne, Meyrals). Assumed to be 44.855 degrees N.","","200","https://bio.acousti.ca/node/12593"
"12596","South America: Venezuela:","Southern America","VE","","","","","","","","","","","","","https://bio.acousti.ca/node/12596"
"12606","AU.WA.ALL","Australasia","AU","Western Australia","","","","37km E of Leonora on road to Laverton, Western Australia","-28.8836105318154","121.681486407715","","WGS84","","","401","https://bio.acousti.ca/node/12606"
"12678","Africa: Kenya: Karen, nr.","Africa","KE","","","","","Karen, near Ololua Forest","-1.35776","36.703382","5000","","","","","https://bio.acousti.ca/node/12678"
"12680","West Malaysia: Kuala Lumpur, Airport Lounge","","","","","","","","","","","","","","","https://bio.acousti.ca/node/12680"
"12683","Asia: Sulawesi: Dumoga Bone N.P., Project Wallace Base Camp","","","","","","","","0.588167","123.692695","20000","","","","","https://bio.acousti.ca/node/12683"
"12685","Europe: England: New Forest","Europe","GB","England","","","","","50.8579767081207","-1.61567687988281","20000","","","","","https://bio.acousti.ca/node/12685"
"12687","Europe: England: Wiltshire: Hamptworth","Europe","GB","England","Wiltshire","","","Hamptworth","50.975726","-1.647847","2000","","","","","https://bio.acousti.ca/node/12687"
"12692","Europe: Spain: Madrid: Sierra de Guadarrama, La Bola del Mundo","Europe","ES","","","","","","40.784933","-3.977841","","","","","2200","https://bio.acousti.ca/node/12692"
"12694","Europe: Spain: Cadiz: 36km W of Algeciras, 2km NE of Zahara de los Atunes","Europe","ES","","","","","","36.15108","-5.827523","","","","","","https://bio.acousti.ca/node/12694"
"12700","Europe: France: Aude, 7km N.E. of Axat, St. Louis","Europe","FR","","","","","","42.853868","2.324269","","","","","","https://bio.acousti.ca/node/12700"
"12703","Europe: France: Aude, 6km S.W. of Axar, Gesse","Europe","FR","","","","","","42.776882","2.153323","","","","","","https://bio.acousti.ca/node/12703"
"12706","Europe: Spain: Gerona: 5km SW of Llansa, Balleta","Europe","ES","Gerona","","","","","42.340345","3.115444","","","","","","https://bio.acousti.ca/node/12706"
"12807","South America: Trinidad and Tobago: Tobago: Mary's Hill Lodge","Southern America","TT","","","Tobago","","Mary's Hill Lodge","11.2053664164755","-60.7509613037109","","","","","","https://bio.acousti.ca/node/12807"
"12856","Europe: Germany: Oberbayern: Inntal, near Niederaudorf","Europe","DE","","","","","","47.6","12.12","","","","","550","https://bio.acousti.ca/node/12856"
"12930","North America: USA: Missouri: Butler County: south of Poplar Bluff","Northern America","US","Missouri","Butler County","","","South of Poplar Bluff","36.64","-90.41","20000","","","","","https://bio.acousti.ca/node/12930"
"12932","Oceania: New Zealand: South Island: Queen Charlotte Sound","Australasia","NZ","","","South Island","","Queen Charlotte Sound","-41.08","174.26","50000","","","","","https://bio.acousti.ca/node/12932"
"12934","Oceania: New Zealand: South Island: Nelson","Australasia","NZ","","","South Island","","Nelson","-41.274642","173.298366","20000","","","","","https://bio.acousti.ca/node/12934"
"12936","Oceania: New Zealand: South Island: Roses Saddle","Australasia","NZ","","","South Island","","Roses Saddle","-44.832518","168.900911","20000","","","","","https://bio.acousti.ca/node/12936"
"12938","Europe: United Kingdom: England: Norfolk: Barton Broad: 100m N Pleasure Hill Island","Europe","GB","England","Norfolk","","","Barton Broad","52.739212","1.49794","1000","","","","","https://bio.acousti.ca/node/12938"
"12974","Australia: Brisbane","Australasia","AU","","","","","","-27.553","153.178","","","","","","https://bio.acousti.ca/node/12974"
"12975","Australia: Pinjarra","Australasia","AU","","","","","","-32.64","115.869","","","","","","https://bio.acousti.ca/node/12975"
"12976","Australia: E of Albany","Australasia","AU","","","","","","-34.406","118.727","","","","","","https://bio.acousti.ca/node/12976"
"12977","Australia: Bunbury","Australasia","AU","","","","","","-33.335","115.647","","","","","","https://bio.acousti.ca/node/12977"
"12978","Australia: E of Jerramungup","Australasia","AU","","","","","","-33.829","119.265","","","","","","https://bio.acousti.ca/node/12978"
"12979","Australia: E of Jerramungup","Australasia","AU","","","","","","-33.83","119.265","","","","","","https://bio.acousti.ca/node/12979"
"12980","Australia: SW of Kalgoorlie","Australasia","AU","","","","","","-30.844","121.385","","","","","","https://bio.acousti.ca/node/12980"
"12981","Australia: SW of Kalgoorlie","Australasia","AU","","","","","","-30.839","121.386","","","","","","https://bio.acousti.ca/node/12981"
"12982","Australia: SW of Arthur River","Australasia","AU","","","","","","-33.598","116.814","","","","","","https://bio.acousti.ca/node/12982"
"12983","Australia: Margaret River","Australasia","AU","","","","","","-33.951","115.073","","","","","","https://bio.acousti.ca/node/12983"
"12984","Australia: N of Mt Ragged","Australasia","AU","","","","","","-33.376","123.398","","","","","","https://bio.acousti.ca/node/12984"
"12985","Australia: SH1 and Oldfield R","Australasia","AU","","","","","","-33.672","120.672","","","","","","https://bio.acousti.ca/node/12985"
"12986","Australia: Ravensthorpe","Australasia","AU","","","","","","-33.581","120.061","","","","","","https://bio.acousti.ca/node/12986"
"12987","Australia: S of Kojonup","Australasia","AU","","","","","","-33.972","117.214","","","","","","https://bio.acousti.ca/node/12987"
"12988","Australia: SW of Coolgardie","Australasia","AU","","","","","","-31.518","120.799","","","","","","https://bio.acousti.ca/node/12988"
"12989","Australia: Koondoola, Perth","Australasia","AU","","","","","","-31.859","115.862","","","","","","https://bio.acousti.ca/node/12989"
"12991","Australia: Yarloop","Australasia","AU","","","","","","-32.952","115.914","","","","","","https://bio.acousti.ca/node/12991"
"12992","Australia: N of Daly Waters","Australasia","AU","","","","","","-16.197","133.425","","","","","","https://bio.acousti.ca/node/12992"
"12993","Australia: S of Erldunda","Australasia","AU","","","","","","-25.572","133.208","","","","","","https://bio.acousti.ca/node/12993"
"12994","Australia: S of Elliot","Australasia","AU","","","","","","-17.821","133.675","","","","","","https://bio.acousti.ca/node/12994"
"12995","Australia: E of Top Springs","Australasia","AU","","","","","","-16.592","131.862","","","","","","https://bio.acousti.ca/node/12995"
"12996","Australia: Fitzroy Dev. Rd","Australasia","AU","","","","","","-24.972","149.514","","","","","","https://bio.acousti.ca/node/12996"
"12997","Australia: Bald Hills Stn","Australasia","AU","","","","","","-15.251","144.997","","","","","","https://bio.acousti.ca/node/12997"
"12998","Australia: NW of Mt Isa","Australasia","AU","","","","","","-20.381","139.306","","","","","","https://bio.acousti.ca/node/12998"
"12999","United States: E of Attica, KS","","","","","","","","37.239","-98.053","","","","","","https://bio.acousti.ca/node/12999"
"13000","United States: Cameron Co, TX","","","","","","","","26.205","-97.352","","","","","","https://bio.acousti.ca/node/13000"
"13001","Australia: Coocoran Lake","Australasia","AU","","","","","","-29.412","147.866","","","","","","https://bio.acousti.ca/node/13001"
"13002","Australia: Waitara, Sydney","Australasia","AU","","","","","","-33.711","151.106","","","","","","https://bio.acousti.ca/node/13002"
"13003","Australia: Trangie","Australasia","AU","","","","","","-32.033","147.991","","","","","","https://bio.acousti.ca/node/13003"
"13004","Australia: Alpha","Australasia","AU","","","","","","-23.651","146.633","","","","","","https://bio.acousti.ca/node/13004"
"13005","Australia: S of Cooktown","Australasia","AU","","","","","","-15.603","145.323","","","","","","https://bio.acousti.ca/node/13005"
"13006","Australia: Bollon","Australasia","AU","","","","","","-28.033","147.485","","","","","","https://bio.acousti.ca/node/13006"
"13007","Australia: SW of Clermont","Australasia","AU","","","","","","-23.051","146.97","","","","","","https://bio.acousti.ca/node/13007"
"13008","Australia: N of Tambo","Australasia","AU","","","","","","-24.67","146.37","","","","","","https://bio.acousti.ca/node/13008"
"13009","Australia: N of Tambo","Australasia","AU","","","","","","-24.669","146.37","","","","","","https://bio.acousti.ca/node/13009"
"13010","Australia: Kamerunga","Australasia","AU","","","","","","-16.876","145.682","","","","","","https://bio.acousti.ca/node/13010"
"13011","Australia: S of Tambo","Australasia","AU","","","","","","-25.264","146.558","","","","","","https://bio.acousti.ca/node/13011"
"13012","Australia: W of Goondiwindi","Australasia","AU","","","","","","-28.442","149.818","","","","","","https://bio.acousti.ca/node/13012"
"13013","Australia: W of Georgetown","Australasia","AU","","","","","","-18.223","142.812","","","","","","https://bio.acousti.ca/node/13013"
"13014","New Zealand: ESE of Kaitaia","","","","","","","","-35.163","173.27","","","","","","https://bio.acousti.ca/node/13014"
"13015","Australia: N of Larrimah","Australasia","AU","","","","","","-15.493","133.19","","","","","","https://bio.acousti.ca/node/13015"
"13016","Australia: Daly Waters","Australasia","AU","","","","","","-16.283","133.39","","","","","","https://bio.acousti.ca/node/13016"
"13017","Australia: S of Tennant Creek","Australasia","AU","","","","","","-20.182","134.219","","","","","","https://bio.acousti.ca/node/13017"
"13018","Australia: NW of Tennant Creek","Australasia","AU","","","","","","-19.51","134.067","","","","","","https://bio.acousti.ca/node/13018"
"13019","Australia: W of Nowa Nowa","Australasia","AU","","","","","","-37.724","147.872","","","","","","https://bio.acousti.ca/node/13019"
"13020","Australia: N of Dunkeld","Australasia","AU","","","","","","-37.399","142.494","","","","","","https://bio.acousti.ca/node/13020"
"13021","Australia: SE of Orbost","Australasia","AU","","","","","","-37.799","148.528","","","","","","https://bio.acousti.ca/node/13021"
"13022","Australia: E of Leonora","Australasia","AU","","","","","","-28.884","121.682","","","","","","https://bio.acousti.ca/node/13022"
"13023","Australia: W of Sandstone","Australasia","AU","","","","","","-28.006","119.227","","","","","","https://bio.acousti.ca/node/13023"
"13024","Australia: Balladonia Rdhse","Australasia","AU","","","","","","-32.355","123.618","","","","","","https://bio.acousti.ca/node/13024"
"13025","Australia: NE of Derby","Australasia","AU","","","","","","-17.418","124.097","","","","","","https://bio.acousti.ca/node/13025"
"13026","Australia: Munjina Roadhouse","Australasia","AU","","","","","","-22.381","118.691","","","","","","https://bio.acousti.ca/node/13026"
"13027","Australia: S of Capricorn Rdhse","Australasia","AU","","","","","","-23.895","119.752","","","","","","https://bio.acousti.ca/node/13027"
"13028","Australia: NE of Sandfire Rdhse","Australasia","AU","","","","","","-19.771","121.144","","","","","","https://bio.acousti.ca/node/13028"
"13029","Australia: E of Cocklebiddy","Australasia","AU","","","","","","-32.014","126.229","","","","","","https://bio.acousti.ca/node/13029"
"13030","Australia: W of Sandstone","Australasia","AU","","","","","","-28.012","118.999","","","","","","https://bio.acousti.ca/node/13030"
"13031","Australia: S of Broken Hill","Australasia","AU","","","","","","-32.241","141.426","","","","","","https://bio.acousti.ca/node/13031"
"13032","Australia: Iron Range","Australasia","AU","","","","","","-12.717","143.308","","","","","","https://bio.acousti.ca/node/13032"
"13033","Australia: SE of Pimba","Australasia","AU","","","","","","-31.793","137.3","","","","","","https://bio.acousti.ca/node/13033"
"13034","Australia: S of Coober Pedy","Australasia","AU","","","","","","-29.173","134.936","","","","","","https://bio.acousti.ca/node/13034"
"13035","Australia: S of Coober Pedy","Australasia","AU","","","","","","-29.758","135.117","","","","","","https://bio.acousti.ca/node/13035"
"13036","Australia: Blackdown Table NP","Australasia","AU","","","","","","-23.77","149.034","","","","","","https://bio.acousti.ca/node/13036"
"13037","Australia: Daisy Hill, Brisbane","Australasia","AU","","","","","","-27.641","153.162","","","","","","https://bio.acousti.ca/node/13037"
"13038","Australia: NW of Morven","Australasia","AU","","","","","","-26.114","146.867","","","","","","https://bio.acousti.ca/node/13038"
"13039","Australia: W of Alpha","Australasia","AU","","","","","","-23.624","146.271","","","","","","https://bio.acousti.ca/node/13039"
"13040","Australia: S of Mt Garnet","Australasia","AU","","","","","","-17.743","145.028","","","","","","https://bio.acousti.ca/node/13040"
"13041","Australia: E of Moonie","Australasia","AU","","","","","","-27.567","150.576","","","","","","https://bio.acousti.ca/node/13041"
"13042","Australia: Rd to Munjina","Australasia","AU","","","","","","-22.353","117.913","","","","","","https://bio.acousti.ca/node/13042"
"13043","Australia: NE of Cue","Australasia","AU","","","","","","-27.177","118.036","","","","","","https://bio.acousti.ca/node/13043"
"13044","South Africa: E of Wellington","Africa","ZA","","","","","","-33.64","19.078","","","","","","https://bio.acousti.ca/node/13044"
"13045","South Africa: NE of Kleinmond","Africa","ZA","","","","","","-34.288","19.109","","","","","","https://bio.acousti.ca/node/13045"
"13046","Australia: Stuart Hwy at tropic","Australasia","AU","","","","","","-23.443","133.832","","","","","","https://bio.acousti.ca/node/13046"
"13047","Australia: Hermannsburg","Australasia","AU","","","","","","-23.949","132.781","","","","","","https://bio.acousti.ca/node/13047"
"13048","Australia: E of Alice Springs","Australasia","AU","","","","","","-23.558","134.452","","","","","","https://bio.acousti.ca/node/13048"
"13049","Australia: Lennard R at Gibb Rd","Australasia","AU","","","","","","-17.392","124.756","","","","","","https://bio.acousti.ca/node/13049"
"13050","Australia: NW of Wongan Hills","Australasia","AU","","","","","","-30.842","116.639","","","","","","https://bio.acousti.ca/node/13050"
"13051","Philippines: Dinagat Island: Mt Kanbinlio","","PH","","","Dinagat Island","","southwestern slopes of Mt. Kanbinlio","10.377","125.635","","","","","748","https://bio.acousti.ca/node/13051"
"13052","Philippines: E of Compostela","","PH","","","","","","7.672","126.151","","","","","","https://bio.acousti.ca/node/13052"
"13053","Philippines: N Cotabato Prov.","","PH","","","","","","7.017","125.233","","","","","","https://bio.acousti.ca/node/13053"
"13054","Australia: N of Broken Hill","Australasia","AU","","","","","","-31.298","141.623","","","","","","https://bio.acousti.ca/node/13054"
"13055","Australia: Alligator Gorge NP","Australasia","AU","","","","","","-32.747","138.076","","","","","","https://bio.acousti.ca/node/13055"
"13056","Australia: Wirrabarra","Australasia","AU","","","","","","-33.027","138.266","","","","","","https://bio.acousti.ca/node/13056"
"13057","Australia: Kayrunnera Creek","Australasia","AU","","","","","","-30.611","142.507","","","","","","https://bio.acousti.ca/node/13057"
"13058","Australia: W of Kew","Australasia","AU","","","","","","-31.68","152.653","","","","","","https://bio.acousti.ca/node/13058"
"13059","Australia: W of Barcaldine","Australasia","AU","","","","","","-23.554","145.278","","","","","","https://bio.acousti.ca/node/13059"
"13060","Australia: W of Moore","Australasia","AU","","","","","","-26.888","152.214","","","","","","https://bio.acousti.ca/node/13060"
"13061","Australia: Lake Broadwater","Australasia","AU","","","","","","-27.314","151.099","","","","","","https://bio.acousti.ca/node/13061"
"13062","Australia: Brisbane","Australasia","AU","","","","","","-27.496","153.119","","","","","","https://bio.acousti.ca/node/13062"
"13063","Australia: N of Springsure","Australasia","AU","","","","","","-24.086","148.099","","","","","","https://bio.acousti.ca/node/13063"
"13064","Australia: Station Creek, nr Oakey","Australasia","AU","","","","","","-27.227","151.693","","","","","","https://bio.acousti.ca/node/13064"
"13065","Australia: Station Creek","Australasia","AU","","","","","","-27.227","151.693","","","","","","https://bio.acousti.ca/node/13065"
"13066","Australia: Noonbah Station","Australasia","AU","","","","","","-24.089","143.146","","","","","","https://bio.acousti.ca/node/13066"
"13067","Australia: W of Jundah","Australasia","AU","","","","","","-24.832","143.049","","","","","","https://bio.acousti.ca/node/13067"
"13068","Australia: W of Cape Crawford","Australasia","AU","","","","","","-16.555","134.726","","","","","","https://bio.acousti.ca/node/13068"
"13069","Australia: S of G. Fisher Mine","Australasia","AU","","","","","","-20.57","139.485","","","","","","https://bio.acousti.ca/node/13069"
"13070","Australia: SE of Kerang","Australasia","AU","","","","","","-35.794","144.073","","","","","","https://bio.acousti.ca/node/13070"
"13426","Australia: SW of Coolgardie 2","Australasia","AU","","","","","","-31.289","120.93","","","","","","https://bio.acousti.ca/node/13426"
"13433","North America: USA: Arkansas: Sharp County, privately owned woods on County Rd. 51","Northern America","US","Arkansas","Sharp County","","","privately owned woods on County Rd. 51, approx. 0.25 mi S of County Rd. 62 (36.256°N x 91.462°W) at a powerline right-of-way, just outside the NW boundary of the Harold E. Alexander Wildlife Management Area.","36.256","-91.462","","","","","","https://bio.acousti.ca/node/13433"
"13521","BMNH Old Insectary","","","","","","","","","","","","","","","https://bio.acousti.ca/node/13521"
"13532","Philippines: Camiguin Island","","PH","","","Camiguin Island","","","9.167","124.729","","","","","","https://bio.acousti.ca/node/13532"
"13541","North America: United States: California: near Winters, along St. Route 128, Yolo-Solano County line","Northern America","US","","","","","","38.514408","-122.071252","","","","","","https://bio.acousti.ca/node/13541"
"13543","North America: United States: Virginia: Bull Run Mountain","Northern America","","Virginia","Prince William County","","","","38.903045","-77.677464","","","","","","https://bio.acousti.ca/node/13543"
"13546","North America: North Carolina: Wake County: Raleigh","","","","","","","","35.8","-78.7","","","","","","https://bio.acousti.ca/node/13546"
"13548","Europe: United Kingdom: England: London: Cottage Grove","Europe","GB","England","London","","","Cottage Grove","51.46430825011","-0.127072334289551","","","","","","https://bio.acousti.ca/node/13548"
"13551","North America: United States: Michigan: Marquette Co.: Van Riper State Park","Northern America","US","Michigan","Marquette County","","","Van Riper State Park","46.527918","-87.991729","","","","","","https://bio.acousti.ca/node/13551"
"13553","North America: United States: Michigan: Presque Isle Co.: Huron Beach","Northern America","US","Michigan","Presque Isle County","","","Huron Beach","45.484675","-84.063064","","","","","","https://bio.acousti.ca/node/13553"
"13701","Europe: United Kingdom: England: Essex: Basildon, Gloucester Park","Europe","GB","England","Essex","","","Basildon, Gloucester Park Pond","51.5777662916123","0.459490567445755","10","","","","","https://bio.acousti.ca/node/13701"
"13718","Europe: United Kingdom: England: Essex: North Stifford, Davy Down","Europe","GB","England","Essex","","","North Stifford, Davy Down","51.4983242489792","0.291910171508789","300","","","","","https://bio.acousti.ca/node/13718"
"13723","North America: United States: Virginia: Lime Kiln Farms, Churchville","Northern America","US","Virginia","","","","","38.222279968938","-79.1768400371075","","","","","","https://bio.acousti.ca/node/13723"
"13725","North America: United States: Virginia: A tree near pool at Gypsy Hill Park, Staunton","Northern America","US","Virginia","","","","Maintained city park","38.1605943835647","-79.0815290808678","","","","","","https://bio.acousti.ca/node/13725"
"13727","North America: United States: Virginia: Bush by woodpile in Lime Kiln Farms, Churchville","Northern America","US","Virginia","","","","","38.2221735559023","-79.1768145561218","","","","","","https://bio.acousti.ca/node/13727"
"13729","North America: United States: Virginia: Brush along edge of woods, Lime Kiln Farms, Churchville","Northern America","US","Virginia","","","","","38.2223821674495","-79.1766066849232","","","","","","https://bio.acousti.ca/node/13729"
"13731","South America: Guyana: Kabocalli: 1","Southern America","GY","Potaro-Siparuni","","","","Kabocalli","","","","","","","","https://bio.acousti.ca/node/13731"
"13732","South America: Guyana: Kabocalli: 2","Southern America","GY","Potaro-Siparuni","","","","Kabocalli","","","","","","","","https://bio.acousti.ca/node/13732"
"13733","South America: Guyana: Kabocalli: 3","Southern America","GY","Potaro-Siparuni","","","","Kabocalli","","","","","","","","https://bio.acousti.ca/node/13733"
"13734","South America: Guyana: Kabocalli: 4","Southern America","GY","Potaro-Siparuni","","","","Kabocalli","","","","","","","","https://bio.acousti.ca/node/13734"
"13735","South America: Guyana: Turtle Mountain: 1","Southern America","GY","Potaro-Siparuni","","","","Turtle Mountain","","","","","","","","https://bio.acousti.ca/node/13735"
"13736","South America: Guyana: Turtle Mountain: 2","Southern America","GY","Potaro-Siparuni","","","","Turtle Mountain","","","","","","","","https://bio.acousti.ca/node/13736"
"13737","South America: Guyana: Turtle Mountain: 3","Southern America","GY","Potaro-Siparuni","","","","Turtle Mountain","","","","","","","","https://bio.acousti.ca/node/13737"
"13738","South America: Guyana: Turtle Mountain: 4","Southern America","GY","Potaro-Siparuni","","","","Turtle Mountain","","","","","","","","https://bio.acousti.ca/node/13738"
"13739","South America: Guyana: Mill Site: 1","Southern America","GY","Potaro-Siparuni","","","","Mill Site","","","","","","","","https://bio.acousti.ca/node/13739"
"13740","South America: Guyana: Mill Site: 2","Southern America","GY","Potaro-Siparuni","","","","Mill Site","","","","","","","","https://bio.acousti.ca/node/13740"
"13741","South America: Guyana: Mill Site: 3","Southern America","GY","Potaro-Siparuni","","","","Mill Site","","","","","","","","https://bio.acousti.ca/node/13741"
"13742","South America: Guyana: Mill Site: 4","Southern America","GY","Potaro-Siparuni","","","","Mill Site","","","","","","","","https://bio.acousti.ca/node/13742"
"13743","South America: Guyana: Rock Landing: 1","Southern America","GY","Potaro-Siparuni","","","","Rock Landing","","","","","","","","https://bio.acousti.ca/node/13743"
"13744","South America: Guyana: Rock Landing: 2","Southern America","GY","Potaro-Siparuni","","","","Rock Landing","","","","","","","","https://bio.acousti.ca/node/13744"
"13745","South America: Guyana: Rock Landing: 3","Southern America","GY","Potaro-Siparuni","","","","Rock Landing","","","","","","","","https://bio.acousti.ca/node/13745"
"13746","South America: Guyana: Rock Landing: 4","Southern America","GY","Potaro-Siparuni","","","","Rock Landing","","","","","","","","https://bio.acousti.ca/node/13746"
"13747","South America: Guyana: Sandstone: 1","Southern America","GY","Potaro-Siparuni","","","","Sandstone","","","","","","","","https://bio.acousti.ca/node/13747"
"13748","South America: Guyana: Sandstone: 2","Southern America","GY","Potaro-Siparuni","","","","Sandstone","","","","","","","","https://bio.acousti.ca/node/13748"
"13749","South America: Guyana: Sandstone: 3","Southern America","GY","Potaro-Siparuni","","","","Sandstone","","","","","","","","https://bio.acousti.ca/node/13749"
"13750","South America: Guyana: Sandstone: 4","Southern America","GY","Potaro-Siparuni","","","","Sandstone","","","","","","","","https://bio.acousti.ca/node/13750"
"15072","Africa: Seychelles: Praslin","Africa","","","","","","","","","","","","","","https://bio.acousti.ca/node/15072"
"15073","Africa: Seychelles: Mahé","Africa","","","","","","","","","","","","","","https://bio.acousti.ca/node/15073"
"15074","Africa: Seychelles: Silhouette","Africa","","","","","","","","","","","","","","https://bio.acousti.ca/node/15074"
"15106","Europe: Spain: Huesca, between Bielsa and Ainsa","","","","","","","","42.521173","0.163698","","","","","","https://bio.acousti.ca/node/15106"
"15117","Europe: Greece: Milos: Adamantas: Thalassitra Village Hotel","","","","","","","","36.72892","24.445779","","","","","","https://bio.acousti.ca/node/15117"
"15127","Europe: France: Vaucluse, near Orange, Bouchet","","","","","","","","44.29","4.87","","","","","","https://bio.acousti.ca/node/15127"
"15138","Europe: France: Dordogne, near Le Bugue, Campagne","","","","","","","","44.9","0.95","","","","","","https://bio.acousti.ca/node/15138"
"15140","Europe: France: Puy-de-Dome, near Besse-en-Chandesse, Saurier","","","","","","","","45.539044","3.047264","","","","","","https://bio.acousti.ca/node/15140"
"15145","Europe: France: Puy-de-Dome, near Besse-en-Chandesse, Compains","","","","","","","","45.43411","2.930166","","","","","","https://bio.acousti.ca/node/15145"
"15148","Africa: Tunisia: Gafsa","","","","","","","","34.4","8.78","","","","","","https://bio.acousti.ca/node/15148"
"15150","Europe: United Kingdom: England: West Sussex: Arundel","","","","","","","","50.855059","-0.558129","","","","","","https://bio.acousti.ca/node/15150"
"15156","Africa: Kenya: Marsabit Forest","","","","","","","","2.26","38","","","","","","https://bio.acousti.ca/node/15156"
"15159","South America: Carribean: Trinidad","","","","","","","","10.5","-61.2","","","","","","https://bio.acousti.ca/node/15159"
"15163","Africa: Uganda: Murchinson Falls National Park, Paara Lodge?","","","","","","","","2.3","31.5","","","","","","https://bio.acousti.ca/node/15163"
"15165","Asia: China","","","","","","","","","","","","","","","https://bio.acousti.ca/node/15165"
"15168","Asia: Singapore","","","","","","","","1.35119309830189","103.804321289062","","","","","","https://bio.acousti.ca/node/15168"
"15203","Asia: Malaysia: Ulu Gombak Field Studies Centre of the University of Malaya","","","","","","","","3.3242870972096","101.75313949585","","","","","","https://bio.acousti.ca/node/15203"
"15204","Asia: Malaysia: Pahang, Krau Game Reserve, Kuala Lompat","","","","","","","","3.7104822267053","102.286148071289","","","","","","https://bio.acousti.ca/node/15204"
"15243","Asia: Malaysia: Tanah Rata: Cameroun Highlands","Asia-Tropical","MY","","","","","","3.7","102.25","","","","","","https://bio.acousti.ca/node/15243"
"15244","Asia: Malaysia: Negeri Sembilan: Pasoh Forest Reserve","Asia-Tropical","MY","","","","","","3.016667","102.3334","","","","","","https://bio.acousti.ca/node/15244"
"15293","Europe: Italy: Tuscany: S. of Montecarelli c. 500m","Europe","IT","Tuscany","","","","","44.04","11.26","","","","","","https://bio.acousti.ca/node/15293"
"15295","Europe: France: Pyrenees-Orientales: Near Vernet-les-Bains, Sahorre","Europe","FR","","","","","","42.57","2.36","","","","","","https://bio.acousti.ca/node/15295"
"15297","Europe: France: Pyrenees-Orientales: Vernet-les-Bains","Europe","FR","","","","","","","","","","","","","https://bio.acousti.ca/node/15297"
"15299","Europe: Greece: Corfu: Kerkyra Golf Hotel","Europe","GR","","","Corfu","","","39.63","19.89","","","","","","https://bio.acousti.ca/node/15299"
"15303","Africa: Uganda: Kampala, Mpanga Forest","Africa","UG","","","","","","0.21","32.29","","","","","","https://bio.acousti.ca/node/15303"
"15305","Africa: Uganda: Budongo Forest","Africa","UG","","","","","","1.76","31.56","","","","","","https://bio.acousti.ca/node/15305"
"15307","Europe: United Kingdom: England: Berkshire: Hythe End, near Staines","Europe","GB","England","Berkshire","","","","51.44","-0.54","","","","","","https://bio.acousti.ca/node/15307"
"15310","Europe: Austria: Tyrol: near Kufstein, Kaisertal","","","","","","","","47.59","12.24","","","","","","https://bio.acousti.ca/node/15310"
"15316","Europe: Spain: Lerida: 7km SE of Seo de Urgel, near Ortedo","Europe","ES","","","","","","42.33","1.52","","","","","","https://bio.acousti.ca/node/15316"
"15318","Europe: Andorra: near Sant Julia de Loria, 1km S of Fontaneda","Europe","AD","","","","","","42.44","1.46","","","","","","https://bio.acousti.ca/node/15318"
"15326","Europe: Spain: Lerida: 5km NW of Solsona","Europe","ES","","","","","","42.02","1.47","","","","","","https://bio.acousti.ca/node/15326"
"15329","Europe: Italy: Umbria: near Orvieto","Europe","IT","","","","","","42.72","12.11","","","","","","https://bio.acousti.ca/node/15329"
"15333","Europe: France: Corscia: Corse-du-Sud, 15km N of Ajaccio, 3km SE of Sagone. 20m","Europe","FR","","","Corsica","","","42.1","8.75","","","","","20","https://bio.acousti.ca/node/15333"
"15335","Europe: Spain: Huesca: 10km E of Bielsa, San Juan de Plan","Europe","ES","","","","","","42.59","0.34","","","","","","https://bio.acousti.ca/node/15335"
"15343","Europe: Italy: Calabria: Sila Mountains, near Bocca di Piazza","Europe","IT","","","","","","39.16","16.49","","","","","","https://bio.acousti.ca/node/15343"
"15353","Europe: Finland: Kirkkonummi","Europe","FI","","","","","","","","","","","","","https://bio.acousti.ca/node/15353"
"15354","Europe: Finland: Virolahti","Europe","FI","","","","","","","","","","","","","https://bio.acousti.ca/node/15354"
"15355","Europe: Finland: Hanko","Europe","FI","","","","","","","","","","","","","https://bio.acousti.ca/node/15355"
"15451","Europe: Austria: Burgenland: Neusidler See, near Illmitz","Europe","AT","","","","","","47.93","16.84","","","","","","https://bio.acousti.ca/node/15451"
"15455","Europe: Greece: Messinia, Pirgos","","","","","","","","37.67","21.44","","","","","","https://bio.acousti.ca/node/15455"
"15457","Europe: Montenegro: Montenegro: Durmitor, SE of Mratinje","","","","","","","","43.16","19","","","","","","https://bio.acousti.ca/node/15457"
"16413","Europe: Finland: Lappi: Ylitornio: Aavaloma Holiday Cottages","Europe","FI","Lappi","Ylitornio","","","","66.39","23.73","","","","","","https://bio.acousti.ca/node/16413"
"16417","Europe: Finland: Lappi: Inari: nr Koppelo","Europe","FI","Lappi","Inari","","","","68.73","27.64","","","","","","https://bio.acousti.ca/node/16417"
"16419","Europe: Finland: Lappi: Ivalo: Näverniemi Holiday Center","Europe","FI","Lappi","Ivalo","","","","68.64","27.53","","","","","","https://bio.acousti.ca/node/16419"
"16422","Europe: Finland: Lappi: Kittilä","Europe","FI","Lappi","Kittilä","","","","67.65","24.93","","","","","","https://bio.acousti.ca/node/16422"
"16652","Europe: Switzerland: Neunkirch","Europe","CH","","","","","","47.683168","8.510077","","","","","","https://bio.acousti.ca/node/16652"
"16654","Europe: Switzerland: Agarone","Europe","CH","","","","","","46.177794","8.906541","","","","","","https://bio.acousti.ca/node/16654"
"16657","Europe: France: Embouchure du Golo Bastia","Europe","FR","","","","","","42.691449","9.439653","","","","","","https://bio.acousti.ca/node/16657"
"16660","Europe: Italy: Puglia: Alberobello","Europe","FR","","","","","","40.799019","17.232426","","","","","","https://bio.acousti.ca/node/16660"
"16663","Europe: France: La Vacquerie-et-Saint-Martin-de-Castries","Europe","FR","","","","","","43.794994","3.482206","","","","","","https://bio.acousti.ca/node/16663"
"16666","Europe: France: Aix-en-Provence","Europe","FR","","","","","","43.537446","5.405455","","","","","","https://bio.acousti.ca/node/16666"
"16669","Europe: Switzerland: Gommiswald","Europe","CH","","","","","","47.240627","9.037589","","","","","","https://bio.acousti.ca/node/16669"
"17123","Australia: Queensland: 2km S. of Horseshoe Lookout, Blackdown Tableland","Australasia","AU","Queensland","","","","","-23.77","149.11","","","","","","https://bio.acousti.ca/node/17123"
"17126","Australia: New South Wales: Murdock's Flat, E of Taralga","Australasia","AU","New South Wales","","","","","-34.27","149.93","","","","","","https://bio.acousti.ca/node/17126"
"17129","Australia: New South Wales: Belmont Golf Club (nr Newcastle)","Australasia","AU","New South Wales","","","","","-33.06","151.66","","","","","","https://bio.acousti.ca/node/17129"
"17132","Australia: New South Wales: 5km ESE of Tomerong","Australasia","AU","New South Wales","","","","","-35.07","150.64","","","","","","https://bio.acousti.ca/node/17132"
"17135","Australia: New South Wales: Rules Point, 15km NNE of Kiandra","","","","","","","","-35.75","148.52","","","","","","https://bio.acousti.ca/node/17135"
"17138","Australia: Victoria: 1km SSW Glensila Crossing, Grampians National Park","Australasia","AU","Victoria","","","","","-37.29","142.312","","","","","","https://bio.acousti.ca/node/17138"
"17141","Australia: South Australia: Wilpena Pound","Australasia","AU","South Australia","","","","","-31.56","138.57","","","","","","https://bio.acousti.ca/node/17141"
"17144","Australia: South Australia: 3km WNW of Darke Peak (settlement)","Australasia","AU","South Australia","","","","","-33.47","136.11","","","","","","https://bio.acousti.ca/node/17144"
"17147","Australia: South Australia: Daly Head, 29km N of Stenhouse Bay","Australasia","AU","South Australia","","","","","-35.03","136.94","","","","","","https://bio.acousti.ca/node/17147"
"17150","Australia: South Australia: Coffin Bay (township)","Australasia","AU","South Australia","","","","","-34.62","135.49","","","","","","https://bio.acousti.ca/node/17150"
"17153","Australia: Western Australia: 31km NE of Peak Charles","Australasia","AU","Western Australia","","","","","-32.66","121.48","","","","","","https://bio.acousti.ca/node/17153"
"47349","University of York, Electronics Office D009","","","","","","","","","","","","","","","https://bio.acousti.ca/node/47349"
"47354","University of York, Electronics Recording Room D005","","","","","","","","","","","","","","","https://bio.acousti.ca/node/47354"
"47470","Central America: Costa Rica: Tortuguero","Southern America","CR","","","","","Tortuguero","10.55","-83.51111111","","","","","","https://bio.acousti.ca/node/47470"
"47473","Central America: Costa Rica: Monteverde","Southern America","CR","","","","","","10.31222222","-84.815","","","","","","https://bio.acousti.ca/node/47473"
"47915","Europe: Czech Republic: Novosedly Railway Station","Europe","CZ","","","","","","48.825683","16.494066","","","","","","https://bio.acousti.ca/node/47915"
"48017","Europe: Greece: Silver Island","Europe","GR","","","Silver Island","","","39.009","23.067","","","","","","https://bio.acousti.ca/node/48017"
"48039","South America: Brazil: Rio Grande do Sul: São João da Reserva: São Lourenço do Su","Southern America","BR","Rio Grande do Sul","São João da Reserva","","","São Lourenço do Su","-31.29429","-52.15077","","","","","","https://bio.acousti.ca/node/48039"
"51460","North America: United States: North Carolina: Duck","Northern America","US","North Carolina","Dare","","","","36.2","-75.759","","","","","","https://bio.acousti.ca/node/51460"
"52610","Europe: United Kingdom: England: Norfolk: Bodham: Pond (SABA)","","GB","England","Norfolk","","","Bodham","52.9117107125742","1.16099148988724","10","","","","","https://bio.acousti.ca/node/52610"
"52614","Europe: Slovakia","Europe","SK","","","","","","","","","","","","","https://bio.acousti.ca/node/52614"
"52616","Europe: Romania","Europe","RO","","","","","","","","","","","","","https://bio.acousti.ca/node/52616"
"52658","Europe: United Kingdom: England: Norfolk: Baconsthorpe, pond near New Road (NROAD)","","GB","England","Norfolk","","","Baconsthorpe","52.8944460545014","1.16321168475929","10","","","","","https://bio.acousti.ca/node/52658"
"52659","Europe: United Kingdom: England: Norfolk: Melton Constable, Pond near Hazelwood Lane (Track) WADD9","Europe","GB","England","Norfolk","","","Melton Constable","52.8446474998377","1.04014450290697","10","","","","","https://bio.acousti.ca/node/52659"
"52783","Africa: Tanzania: Nguru Mountains, forest above Turiani, canopy of closed forest","Africa","TZ","","","","","Nguru Mountains, forest above Turiani, canopy of closed forest","-6.1","37.6","","","","","","https://bio.acousti.ca/node/52783"
"52813","South America: Panama: Barro Colorado Island: Smithsonian Tropical Research Institute","Southern America","PA","","","Barro Colorado Island","","","9.16211740306845","-79.8366962432862","","","","","","https://bio.acousti.ca/node/52813"
"52825","Europe: United Kingdom: England: North Yorkshire: York: Holgate","Europe","GB","england","North Yorkshire","","","Holgate","53.9525438423227","-1.10745191574097","100","","","","","https://bio.acousti.ca/node/52825"
"52860","South America: Ecuador: San Pablo de Kantesiya, Sucumbios","Southern America","EC","","","","","San Pablo de Kantesiya, Sucumbios","-0.25337","-76.42892","","","","","","https://bio.acousti.ca/node/52860"
"52867","Europe: United Kingdom: England: Exmoor: Site 1","Europe","GB","","","","","","","","","","","","","https://bio.acousti.ca/node/52867"
"52873","Europe: United Kingdom: England: New Forest: New Forest Reptile Centre","Europe","GB","","","","","","","","","","","","","https://bio.acousti.ca/node/52873"
"52883","South America: Venezuela: Amazonas: Surumoni river","Southern America","VE","","","","","","3.17093","-65.67472","","","","","","https://bio.acousti.ca/node/52883"
"52935","Europe: United Kingdom: England: North Yorkshire: York: University of York","Europe","GB","England","North Yorkshire","","","University of York","53.9456115635752","-1.05453267241933","","","","","","https://bio.acousti.ca/node/52935"
"52951","Africa: Madagascar: Mitsinjo Forest Reserve, near Moramanga (18°57’S, 48°13’E)","Africa","MG","","","","","","-18.95","48.21667","","","","","","https://bio.acousti.ca/node/52951"
"52954","Australia: Queensland: Carnarvon National Park","Australasia","AU","Queensland","","","","","-25.07","148.25","","","","","","https://bio.acousti.ca/node/52954"
"52956","Australia: Queensland: Maroon Dam","Australasia","AU","Queensland","","","","","-28.02","152.65","","","","","","https://bio.acousti.ca/node/52956"
"52958","Australia: Queensland: Mt Moffatt","Australasia","AU","Queensland","","","","","-25.87","148.25","","","","","","https://bio.acousti.ca/node/52958"
"52960","Australia: Queensland: Robinson Gorge","Australasia","AU","Queensland","","","","","-25.22","148.98","","","","","","https://bio.acousti.ca/node/52960"
"52962","Australia: New South Wales: Acton","Australasia","AU","New South Wales","","","","","-35.27","149.12","","","","","","https://bio.acousti.ca/node/52962"
"52964","Australia: New South Wales: Clandulla SF","Australasia","AU","New South Wales","","","","","-32.88","149.93","","","","","","https://bio.acousti.ca/node/52964"
"52966","Australia: Queensland: base Blackbutt Range","Australasia","AU","Queensland","","","","","-26.88","152.22","","","","","","https://bio.acousti.ca/node/52966"
"52968","Australia: Queensland: Emerald","Australasia","AU","Queensland","","","","","-23.62","148.22","","","","","","https://bio.acousti.ca/node/52968"
"52970","Australia: Queensland: Heberton","Australasia","AU","Queensland","","","","","-17.38","145.35","","","","","","https://bio.acousti.ca/node/52970"
"52972","Australia: Queensland: Kings Plains","Australasia","AU","Queensland","","","","","-15.5","144.83","","","","","","https://bio.acousti.ca/node/52972"
"52974","Australia: Queensland: Peak Crossing","Australasia","AU","Queensland","","","","","-27.82","152.73","","","","","","https://bio.acousti.ca/node/52974"
"52976","Australia: Queensland: Woodgate","Australasia","AU","Queensland","","","","","-25.06","152.55","","","","","","https://bio.acousti.ca/node/52976"
"52978","Australia: Queensland: Myall Park","Australasia","AU","Queensland","","","","","-27.2","149.65","","","","","","https://bio.acousti.ca/node/52978"
"53058","Europe: United Kingdom: England: Shropshire: Onny Meadows Pond","Europe","GB","England","Shropshire","","","","52.435701","-2.828759","","","","","","https://bio.acousti.ca/node/53058"
"53120","Australasia: Australia: Queensland: 4km W Binjour","Australasia","AU","Queensland","","","","","-25.53","151.43","","","","","","https://bio.acousti.ca/node/53120"
"53121","Australasia: Australia: New South Wales: 9km NW of Grenfell","Australasia","AU","","","","","","-33.85","148.08","","","","","","https://bio.acousti.ca/node/53121"
"53157","Australia: Queensland: Cravens Peak","Australasia","AU","Queensland","","","","","-23.17","138.23","","","","","","https://bio.acousti.ca/node/53157"
"53159","Australia: Queensland: Eidsvold","Australasia","AU","Queensland","","","","","-25.37","151.13","","","","","","https://bio.acousti.ca/node/53159"
"53161","Australia: Queensland: Kindon","Australasia","AU","Queensland","","","","","-28.08","150.73","","","","","","https://bio.acousti.ca/node/53161"
"53163","Australia: Queensland: Willowvale","Australasia","AU","Queensland","","","","","-28.18","152.05","","","","","","https://bio.acousti.ca/node/53163"
"53165","Australia: New South Wales: Wyalong","Australasia","AU","New South Wales","","","","","-33.92","147.23","","","","","","https://bio.acousti.ca/node/53165"
"53167","Australia: Queensland: Geham","Australasia","AU","Queensland","","","","","-27.41","152","","","","","","https://bio.acousti.ca/node/53167"
"53170","Australia: Queensland: Possum Park","Australasia","AU","Queensland","","","","","-26.51","150.21","","","","","","https://bio.acousti.ca/node/53170"
"53172","Australia: New South Wales: Stockingbingal","Australasia","AU","New South Wales","","","","","-34.49","147.99","","","","","","https://bio.acousti.ca/node/53172"
"53174","Australia: Queensland: 6.1km E Kaimkillenbun.","Australasia","AU","Queensland","","","","","-27.07","151.5","","","","","","https://bio.acousti.ca/node/53174"
"53176","Australia: Queensland: Boomer Range","Australasia","AU","Queensland","","","","","-23.2","149.01","","","","","","https://bio.acousti.ca/node/53176"
"53178","Australia: Queensland: Brigalow Research Station","Australasia","AU","Queensland","","","","","-24.8","149.76","","","","","","https://bio.acousti.ca/node/53178"
"53180","Australia: Queensland: Ceratodus","Australasia","AU","Queensland","","","","","-25.28","151.14","","","","","","https://bio.acousti.ca/node/53180"
"53182","Australia: New South Wales: Clandulla","Australasia","AU","New South Wales","","","","","-32.9","49.94","","","","","","https://bio.acousti.ca/node/53182"
"53184","Australia: New South Wales: Coolbaggie","Australasia","AU","New South Wales","","","","","-31.99","148.53","","","","","","https://bio.acousti.ca/node/53184"
"53186","Australia: Queensland: Girraween","Australasia","AU","Queensland","","","","","-28.83","151.94","","","","","","https://bio.acousti.ca/node/53186"
"53188","Australia: Australian Capital Territory: Mt Ainslie","Australasia","AU","Australian Capital Territory","","","","","-35.24","149.18","","","","","","https://bio.acousti.ca/node/53188"
"53190","Australia: Queensland: 14.6kn W Drillham Ck","Australasia","AU","","","","","","-26.64","149.83","","","","","","https://bio.acousti.ca/node/53190"
"53192","Australia: Queensland: 20km S Taroom","Australasia","AU","Queensland","","","","","-25.78","149.87","","","","","","https://bio.acousti.ca/node/53192"
"53194","Australia: Queensland: Brigalow","Australasia","AU","Queensland","","","","","-27","150.8","","","","","","https://bio.acousti.ca/node/53194"
"53196","Australia: Queensland: Maclagan","Australasia","AU","Queensland","","","","","-27.08","151.63","","","","","","https://bio.acousti.ca/node/53196"
"53198","Australia: Queensland: Southwood","Australasia","AU","Queensland","","","","","-27.81","150.09","","","","","","https://bio.acousti.ca/node/53198"
"53202","Australia: New South Wales: 33km W Rankins Springs","Australasia","AU","New South Wales","","","","","-33.92","45.94","","","","","","https://bio.acousti.ca/node/53202"
"53204","Australia: Queensland: Glenvale","Australasia","AU","Queensland","","","","","-27.58","151.88","","","","","","https://bio.acousti.ca/node/53204"
"53206","Australia: Queensland: Leslie Dam","Australasia","AU","Queensland","","","","","-28.22","151.92","","","","","","https://bio.acousti.ca/node/53206"
"53208","Australia: Queensland: Tannymorel","Australasia","AU","Queensland","","","","","-28.28","152.25","","","","","","https://bio.acousti.ca/node/53208"
"53210","Australia: Queensland: Hurdle Gully","Australasia","AU","Queensland","","","","","-24.9","151.08","","","","","","https://bio.acousti.ca/node/53210"
"53212","Australia: Queensland: Mt French","Australasia","AU","Queensland","","","","","-28","152.62","","","","","","https://bio.acousti.ca/node/53212"
"53214","Australia: Queensland: Yarraman","Australasia","AU","Queensland","","","","","-26.82","151.95","","","","","","https://bio.acousti.ca/node/53214"
"53216","Australia: Northern Territory: 8km W Alice Springs","Australasia","AU","Northern Territory","","","","","-23.7","133.8","","","","","","https://bio.acousti.ca/node/53216"
"53219","Australia: Queensland: Herberton","Australasia","AU","Queensland","","","","","-17.35","145.42","","","","","","https://bio.acousti.ca/node/53219"
"53221","Australia: Queensland: Laura River","Australasia","AU","Queensland","","","","","-15.58","144.45","","","","","","https://bio.acousti.ca/node/53221"
"53223","Australia: Northern Territory: Musselbrook","Australasia","AU","Northern Territory","","","","","-18.62","137.98","","","","","","https://bio.acousti.ca/node/53223"
"53225","Australia: Queensland: Surat","Australasia","AU","Queensland","","","","","-27.15","149.07","","","","","","https://bio.acousti.ca/node/53225"
"53587","Europe: United Kingdom: England: London: NHm Dermestarium","","","","","","","","","","","","","","","https://bio.acousti.ca/node/53587"
"53590","Africa: South Africa: Wits Rural Facility","Africa","ZA","","","","","","-24.551389","31.09725","","","","","","https://bio.acousti.ca/node/53590"
"53595","Africa: Morocco: Agadir: Agadir Beach (Flowerbed)","Africa","MA","","","","","Flowerbed by beach walkway.","30.3974","-9.6","","","","","","https://bio.acousti.ca/node/53595"
"57311","Europe: United Kingdom: England: Devon: Plymouth, Mayflower Marina","Europe","GB","England","Devon","","","Plymouth, Mayflower Marina","50.363","-4.1677","","","","","","https://bio.acousti.ca/node/57311"
"57313","Europe: United Kingdom: England: English Channel: Cawsand Bay","Australasia","GB","","","","","","50.332","4.1895","","","","","","https://bio.acousti.ca/node/57313"
"57315","Europe: United Kingdom: England: English Channel: L4 Buoy","","","","","","","","50.2497","-4.2195","","","","","","https://bio.acousti.ca/node/57315"
"57318","Europe: United Kingdom: England: English Channel: E1 Buoy","","","","","","","","5.04227","-4.36447","","","","","","https://bio.acousti.ca/node/57318"
"57320","Europe: United Kingdom: England: English Channel: Pelican 1","","","","","","","","50.1579","-3.5617","","","","","","https://bio.acousti.ca/node/57320"
"57322","Europe: United Kingdom: England: Devon: Dartmouth","Europe","GB","England","Devon","","","Darthaven","50.3497","-3.5756","","","","","","https://bio.acousti.ca/node/57322"
"57329","Europe: United Kingdom: England: English Channel: Pelican STF1 Underway (between Cawsand Bay & Fowey)","","","","","","","","50.27","-4.35","","","","","","https://bio.acousti.ca/node/57329"
"57331","Europe: United Kingdom: England: Cornwall: Fowey Harbour","","","","","","","","50.33","-4.633","","","","","","https://bio.acousti.ca/node/57331"
"57401","ColinSite1","","","","","","","","","","","","","","","https://bio.acousti.ca/node/57401"
"58141","Europe: United Kingdom: England: Surrey: RHS Wisley","","","","","","","","51.3117302690326","-0.476102828979492","","","","","","https://bio.acousti.ca/node/58141"
"58426","Europe: United Kingdom: England: Bristol: UNP Bristol Community Garden Pond","","GB","England","","","British Isles","Pond in Bristol Community Garden","51.40666","-2.59111","","","","","","https://bio.acousti.ca/node/58426"
