"id","vernacularName","language","locality","remarks"
"32853","The Long-winged Conehead","en","",""
"1794","Steppen-Grashüpfer","de","",""
"37512","le Criquet des pins","fr","",""
"37513","Steppesprinkhaan","nl","",""
"37514","Heath Grasshopper","en","",""
"37515","Doorkijksprinkhaan","nl","",""
"33437","Jago's Grasshopper","en","",""
"33438","Criquet de Jago","fr","",""
"1964","le Criquet de Jago","fr","",""
"1795","Verkannter Grashüpfer","de","",""
"32480","Snortikker","nl","",""
"33525","Lesser Field Grasshopper","en","",""
"33526","Criquet des jachères","fr","",""
"2002","le Criquet sud-alpin","fr","",""
"32872","Idänkulkusirkka","fi","",""
"33587","Migratory Locust","en","",""
"32726","Two-coloured Bush-cricket","en","",""
"33204","Decticelle bicolore","fr","",""
"33205","Zweifarbige Beißschrecke","de","",""
"33206","Lichtgroene Sabelsprinkhaan","nl","",""
"33207","Grön Hedväartbitare","sv","",""
"1732","Warzenbeißer","de","",""
"32495","Wrattenbijter","nl","",""
"32560","The Wartbiter","en","",""
"32758","Dectique verrucivore","fr","",""
"32759","Vortebider","da","",""
"32760","Stor Vårtbitare","sv","",""
"32761","Vortebiter","nn","",""
"32762","Nittyhepokatti","fi","",""
"2000","le Criquet espagnol","fr","",""
"33527","Jacobs's Grasshopper","en","",""
"1797","Nachtigall-Grashüpfer","de","",""
"32484","Ratelaar","nl","",""
"32864","Ahoheinäsirkka","fi","",""
"33517","Bow-winged Grasshopper","en","",""
"33518","Criquet mélodieux","fr","",""
"33519","Slåttergräshoppa","sv","",""
"1796","Brauner Grashüpfer","de","",""
"32490","Bruine sprinkhaan","nl","",""
"32862","Ketoheinäsirkka","fi","",""
"33520","Criquet duettiste","fr","",""
"33521","Tandradje","nl","",""
"33522","Almindelige Markgræshoppe","da","",""
"33523","Backgræshoppa","sv","",""
"33524","Gråbrun Markgrashoppe","nn","",""
"33531","Two-marked Grasshopper","en","",""
"33532","Criquet des Ajoncs","fr","",""
"33533","Zweifleckiger Grashüpfer","de","",""
"33534","Gaspeldoornsprinkhaan","nl","",""
"1798","Weißrandiger Grashüpfer","de","",""
"32482","Kunstsprinkhaan","nl","",""
"32863","Rantaheinäsirkka","fi","",""
"33539","Lesser Marsh Grasshopper","en","",""
"33540","Criquet marginé","fr","",""
"33541","Standengræshoppe","da","",""
"33542","Strandängsgräshoppa","sv","",""
"32865","Nurmiheinäsirkka","fi","",""
"33548","Meadow Grasshopper","en","",""
"33549","Criquet des pâtures","fr","",""
"33550","Gemeiner Grashüpfer","de","",""
"33551","Krasser","nl","",""
"33552","Enggræshoppe","da","",""
"33553","Kortningad Ängsgräshoppa","sv","",""
"1350","Lehtohepokatti","fi","",""
"1569","Great Green Bush-Cricket","en","",""
"1687","la Grande Sauterelle verte","fr","",""
"1729","Grünes Heupferd","de","",""
"32479","Grote groene sabelsprinkhaan","nl","",""
"32672","Stor Grøn Løvgræshoppe","da","",""
"32673","Grön Vårtbitare","sv","",""
"32674","Grønn Lauvgrashoppe","nn","",""
"33562","Straw-coloured Grasshopper","en","",""
"33563","Criquet glauque","fr","",""
"33564","Gelber Grashüpfer","de","",""
"1752","Waldgrille","de","",""
"32475","Boskrekel","nl","",""
"32754","Wood-cricket","en","",""
"33400","Grillon des bois","fr","",""
"37586","Némobie Des Tourbieres","fr","",""
"1788","Rote Keulenschrecke","de","",""
"1985","le Gomphocère roux","fr","",""
"32471","Rosse sprinkhaan","nl","",""
"32878","Kolkkaheinäsirkka","fi","",""
"33493","Rufous Grasshopper","en","",""
"33494","Stor Klubbgräshoppa","sv","",""
"33495","Osi Nuijaheinäsirkka","fi","",""
"1755","Heimchen","de","",""
"1859","le Grillon domestique","fr","",""
"2288","イエコオロギ","ja","",""
"32481","Huiskrekel","nl","",""
"32748","House-cricket","en","",""
"32857","Kotisirkka","fi","",""
"33389","Husfårekylling","da","",""
"33390","Hussyrsan","sv","",""
"33391","Grillo doméstico","es","",""
"33392","Grillo doméstico","pt-pt","",""
"33393","Grillo del Focolare","it","",""
"1786","Bunter Alpengrashüpfer","de","",""
"1981","le Sténobothre hélicoptère","fr","",""
"33483","Wing-buzzing Grasshopper","en","",""
"33484","Sténobothre alpin","fr","",""
"1782","Heidegrashüpfer","de","",""
"32467","Zoemertje","nl","",""
"33464","Stripe-winged Grasshopper","en","",""
"33465","Criquet de la Palène","fr","",""
"33466","Juovaheinäsirkka","fi","",""
"1678","le Méconème tambourinaire","fr","",""
"1725","Gemeine Eichenschrecke","de","",""
"32472","Boomsprinkhaan","nl","",""
"32549","The Oak Bush-cricket","en","",""
"32589","Egegræshoppe","da","",""
"32590","Ekvårtbitare","sv","",""
"1787","Sibirische Keulenschrecke","de","",""
"33491","Club-legged Grasshopper","en","",""
"33492","Gomphocère des alpages","fr","",""
"33456","Pantel's Grasshopper","en","",""
"1780","Buntbäuchiger Grashüpfer","de","",""
"1965","le Criquet noir-ébène","fr","",""
"32489","Zwart wekkertje","nl","",""
"32861","Tummaheinäsirkka","fi","",""
"33444","Woodland Grasshopper","en","",""
"33445","Negertje","nl","",""
"33446","Rödgumpgräshoppa","sv","",""
"1779","Bunter Grashüpfer","de","",""
"1966","le Criquet verdelet","fr","",""
"32483","Wekkertje","nl","",""
"32860","Niittyheinäsirkka","fi","",""
"33440","Common Green Grasshopper","en","",""
"33441","Lynggræshoppe","da","",""
"33442","Grön Ängsgräshoppa","sv","",""
"33443","Grønn Markgrashoppe","nn","",""
"2014","le Criquet strié","fr","",""
"33565","Chopard's Grasshopper","en","",""
"33566","Criquet du Bragalou","fr","",""
"1744","Alpenschrecke","de","",""
"1812","l'Analote des Alpes","fr","",""
"33225","Small Alpine Bush-cricket","en","",""
"33226","Decticelle montagnarde","fr","",""
"2012","le Criquet des Bromes","fr","",""
"33559","Sharp-tailed Grasshopper","en","",""
"33560","Criquet des mouillères","fr","",""
"33561","Dickkopf-Grashüpfer","de","",""
"1733","Heideschrecke","de","",""
"1811","la Dectique des brandes","fr","",""
"32453","Kleine wrattenbijter","nl","",""
"32718","Heath Bush-cricket","en","",""
"33351","Ratelsprinkhaan","nl","",""
"32723","Roesel's Bush-cricket","en","",""
"32855","Heinätöpökatti","fi","",""
"33208","Decticelle beriolée","fr","",""
"33209","Roesels Beißschrecke","de","",""
"33210","Greppelsprinkhaan","nl","",""
"33211","Cikadavårtbiatre","sv","",""
"33212","Ruskea Töpökatti","fi","",""
"1701","la Decticelle des alpages","fr","",""
"33171","Saussure's Bush-cricket","en","",""
"33172","Gebirgs-Beißschrecke","de","",""
"1743","Gewöhnliche Strauchschrecke","de","",""
"1802","la Pholidoptère cendrée","fr","",""
"1803","Pensashepokatti","fi","",""
"1804","Dark Bush-Cricket","en","",""
"32473","Bramensprinkhaan","nl","",""
"33213","Decticelle cendrée","fr","",""
"33214","Buskgræshoppe","da","",""
"33215","Buskvårtbitare","sv","",""
"33216","Buskhopper","nn","",""
"33461","Small Mountain Grasshopper","en","",""
"33460","Uhagon's Grasshopper","en","",""
"1867","le Grillon tintinnabulant","fr","",""
"33397","Mountain-cricket","en","",""
"33398","Grillon testacé","fr","",""
"33399","Gelbe Grille","de","",""
"1790","Gefleckte Keulenschrecke","de","",""
"32493","Knopsprietje","nl","",""
"32867","Nuijaheinäsirkka","fi","",""
"33487","Mottled Grasshopper","en","",""
"33488","Gomphocère tacheté","fr","",""
"33489","Køllegræshoppe","da","",""
"33490","Liten Klubbgræshoppa","sv","",""
"33459","Bolívar's Grasshopper","en","",""
"33477","Pink-palped Grasshopper","en","",""
"1694","la Decticelle des sables","fr","",""
"32789","Sand Bush-cricket","en","",""
"1751","Weinhähnchen","de","",""
"32459","Boomkrekel","nl","",""
"32816","Tree-cricket","en","",""
"33402","Grillon d'Italie","fr","",""
"33359","Spanish Mountain Buish-cricket","en","",""
"33506","Sierra Nevadan Grasshopper","en","",""
"1784","Kleiner Heidegrashüpfer","de","",""
"32492","Schavertje","nl","",""
"33478","Lesser Mottled Grasshopper","en","",""
"33479","Sténobothre nain","fr","",""
"1776","Große Höckerschrecke","de","",""
"1957","l'Arcyptère bariolée","fr","",""
"33422","Large Banded Grasshopper","en","",""
"1792","Feld-Grashüpfer","de","",""
"32494","Locomotiefje","nl","",""
"32876","Puksuheinäsirkka","fi","",""
"33500","Upland Field Grasshopper","en","",""
"33501","Criquet des adrets","fr","",""
"33502","Solgräshoppa","sv","",""
"33568","Balearic Grasshopper","en","",""
"33377","Fat-bellied Bush-cricket","en","",""
"1991","le Criquet des joncs","fr","",""
"33537","Large Green Grasshopper","en","",""
"33538","Criquet des marais","fr","",""
"32721","Brown-spotted Bush-cricket","en","",""
"33033","Decticelle carroyée","fr","",""
"33034","Braunfleckige Beißschrecke","de","",""
"1690","le Dectique à front blanc","fr","",""
"32768","White-faced Bush-cricket","en","",""
"32769","Südlicher Warzenbeißer","de","",""
"1978","le Sténobothre occitan","fr","",""
"33473","Festive Grasshopper","en","",""
"1756","Südliche Grille","de","",""
"32452","Spoorkrekel","nl","",""
"34080","Southern Cricket","en","",""
"38088","Verge Cricket","en","",""
"33535","June Grasshopper","en","",""
"33536","Criquet hyalin","fr","",""
"1969","le Criquet des garrigues","fr","",""
"33454","Raymond's Grasshopper","en","",""
"33455","Südfranzösischer Grashüpfer","de","",""
"33028","Intermediate Bush-cricket","en","",""
"33029","Decticelle intermédiaire","fr","",""
"32579","Südliche Buntschrecke","de","",""
"32581","Ornate Bush-cricket","en","",""
"1673","la Leptophye orientale","fr","",""
"32527","Leptophye sarmate","fr","",""
"32528","Boscs Zartschrecke","de","",""
"32529","Eastern Speckled Bush-cricket","en","",""
"1956","le Criquet des Ibères","fr","",""
"33427","Striped Grasshopper","en","",""
"33428","Spanischer Grashüpfer","de","",""
"1820","la Sauterelle striolée","fr","",""
"33230","Striated Bush-cricket","en","",""
"33231","Decticelle striolée","fr","",""
"33232","Gestfreifte Südschrecke","de","",""
"37585","Némobie Des Près","fr","",""
"1862","le Grillon tropical","fr","",""
"2281","カマドコオロギ","ja","",""
"32497","Dierentuinkrekel","nl","",""
"33505","Cazurro's Grasshopper","en","",""
"33528","Yersin's Grasshopper","en","",""
"33376","Faber's Bush-cricket","en","",""
"33530","Moroccan Grasshopper","en","",""
"32797","Tuberous Bush-cricket","en","",""
"32798","Decticelle côtière","fr","",""
"32799","Südliche Beißschrecke","de","",""
"33030","Sepia Bush-cricket","en","",""
"33031","Decticelle échassière","fr","",""
"33032","Zaunschrecke","de","",""
"1799","Wiesengrashüpfer","de","",""
"32496","Weidesprinkhaan","nl","",""
"32877","Piennarheinäsirkka","fi","",""
"33543","Steppe Grasshopper","en","",""
"33544","Criquet verte-échine","fr","",""
"33545","Syd-ängsgräshoppa","sv","",""
"32487","Duinsabelsprinkhaan","nl","",""
"32719","Grey Bush-cricket","en","",""
"32776","Decticelle chagrinée","fr","",""
"32777","Westliche Beißschrecke","de","",""
"32778","Sandgræshoppe","da","",""
"32779","Grå Vårtbitare","sv","",""
"32780","Hietahepokatti","fi","",""
"32854","Paahdehepokatti","fi","",""
"1829","la Suaterelle méridionale","fr","",""
"33234","Mediterranean Bush-cricket","en","",""
"33235","Decticelle orientale","fr","",""
"33236","Zierliche Strauchschrecke","de","",""
"1745","Westliche Sattelschrecke","de","",""
"32491","Zadelsprinkhaan","nl","",""
"32734","Saddle-backed Bush-cricket","en","",""
"33352","Èphippigère des vignes","fr","",""
"33353","Steppen-Sattelschrecke","de","",""
"33421","Savanna Grasshopper","en","",""
"1351","Idänhepokatti","fi","",""
"1685","la Sauterelle cymbalière","fr","",""
"1730","Zwitscherschrecke","de","",""
"32485","Kleine groene sabelsprinkhaan","nl","",""
"32696","Upland Green Bush-cricket","en","",""
"32697","Syngende Løvgræshoppe","da","",""
"33654","Sjungande vårtbitare","sv","",""
"1742","Alpen-Strauchschrecke","de","",""
"32727","Alpine Dark Bush-cricket","en","",""
"33217","Decticelle aptère","fr","",""
"33529","Red-shinned Grasshopper","en","",""
"33510","Eastern Alpine Grasshopper","en","",""
"33511","Höhengrashüpfer","de","",""
"1778","Kleine Goldschrecke","de","",""
"1954","le Criquet des genévriers","fr","",""
"33433","Small Gold Grasshopper","en","",""
"33434","Kleine Goudsprinkhaan","nl","",""
"1791","Gebirgsgrashüpfer","de","",""
"32875","Räikkäheinäsirkka","fi","",""
"33496","Large Mountain Grasshopper","en","",""
"33497","Criquet jacasseur","fr","",""
"33498","Skærende Græshoppe","da","",""
"33499","Skärrande Gräshoppa","sv","",""
"38860","Dark-winged grasshopper","en","",""
"33184","Capra's Bush-cricket","en","",""
"1662","le Phanéroptère méridional","fr","",""
"1717","Vierpunktige Sichelschrecke","de","",""
"2180","Southern Sickle-bearing Bush-cricket","en","",""
"33358","Ruffo's Bush-cricket","en","",""
"1968","le Criquet des rocailles","fr","",""
"33451","Rock Grasshopper","en","",""
"33452","Criquet des grouettes","fr","",""
"33453","Felsgrashüpfer","de","",""
"33480","Apennine Grasshopper","en","",""
"1783","Schwarzfleckiger Heidegrashüpfer","de","",""
"33467","Black-spotted Grasshopper","en","",""
"33468","Sténobothre bourdonneur","fr","",""
"33469","Schwarzfleckiger Grashüpfer","de","",""
"1781","Rotleibiger Grashüpfer","de","",""
"32874","Alvariheinäsirkka","fi","",""
"33447","Orange-tipped Grasshopper","en","",""
"33448","Criquet rouge-queue","fr","",""
"33449","Bruin Schavertje","nl","",""
"33450","Alvargräshoppa","sv","",""
"1672","la Leptophye rayée","fr","",""
"1720","Gestreifte Zartschrecke","de","",""
"32520","Striped Bush-cricket","en","",""
"1675","la Leptophye ponctuée","fr","",""
"1719","Punktierte Zartschrecke","de","",""
"32451","The Speckled Bush-cricket","en","",""
"32464","Struiksprinkhaan","nl","",""
"32512","Krumknivgræshoppe","da","",""
"32513","Lövvårtbitare","sv","",""
"32873","Puistohepokatti","fi","",""
"1749","Maulwurfsgrille","de","",""
"1885","la Courtilière commune","fr","",""
"32470","Veenmol","nl","",""
"32818","Mole-cricket","en","",""
"33403","Jordkrebs","da","",""
"33404","Mullvadssyrsan","sv","",""
"33405","Jordsiriss","nn","",""
"33406","Maamyyräsirkka","fi","",""
"1886","la Courtiliêre des vignes","fr","",""
"33407","Vineyard Mole-cricket","en","",""
"37580"," ケラ","ja","",""
"1982","le Sténobothre cottien","fr","",""
"33485","Cottian Grasshopper","en","",""
"33486","Cottischer Grashüpfer","de","",""
"33481","Ursula's Grasshopper","en","",""
"33482","Aostatal-Grashüpfer","de","",""
"33470","Fischer's Grasshopper","en","",""
"33471","Sténobothre cigalin","fr","",""
"33472","Südlicher Grashüpfer","de","",""
"1838","l'Éphippigère alpine","fr","",""
"33360","Large Striped Bush-cricket","en","",""
"33357","North Apennine Bush-cricket","en","",""
"32866","Nevaheinæsirkka","fi","",""
"33554","Water-meadow Grasshopper","en","",""
"33555","Criquet palustre","fr","",""
"33556","Sumpfgrashüpfer","de","",""
"33557","Zompsprinkhaan","nl","",""
"33558","Myrgräshoppa","sv","",""
"33546","Two-coloured Grasshopper","en","",""
"33547","Ungarischer Grashüpfer","de","",""
"2003","le Criquet mélodieux","fr","",""
"33567","White-lined Grasshopper","en","",""
"1993","le Criquet du Vergio","fr","",""
"33503","Corsican Grasshopper","en","",""
"33504","Sténobothre corse","fr","",""
"33569","Sardinian Grasshopper","en","",""
"1793","Kiesbank-Grashüpfer","de","",""
"1995","le Criquet des iscles","fr","",""
"33509","Gravel Grasshopper","en","",""
"1996","le Criquet de Cialancia","fr","",""
"33507","Piedmont Grasshopper","en","",""
"33508","Cialancia-Grashüpfer","de","",""
"1997","le Criquet du Sampeyre","fr","",""
"33516","Reissinger's Grasshopper","en","",""
"32879","Falcate Bush-cricket","en","",""
"32880","Decticelle à serpe","fr","",""
"32844","Iberian Bush-cricket","en","",""
"32810","Roman Bush-cricket","en","",""
"1692","le Decticelle grisâtre","fr","",""
"1735","Graue Beißschrecke","de","",""
"33046","Black-marked Bush-cricket","en","",""
"1754","Feldgrille","de","",""
"1857","le Grillon champêtre","fr","",""
"32468","Veldkrekel","nl","",""
"32747","Field-cricket","en","",""
"33380","Markfårekylling","da","",""
"33381","Fältsyrsan","sv","",""
"33382","Kenttäsirkka","fi","",""
"33383","Grillo campestre","es","",""
"33384","Grilo-do-campo","pt-pt","",""
"33385","Grillo Canterino","it","",""
"2221","タイワンエンマコオロギ","ja","",""
"1858","le Grillon bimaculé","fr","",""
"2271","フタホシコオロギ","ja","",""
"32498","Zuidelijke veldkrekel","nl","",""
"33386","Two-spotted Cricket","en","",""
"33387","Grillon provençal","fr","",""
"33388","Mittelmeer-Feldgrille","de","",""
"38077","Two-spotted Field-cricket","en","",""
"1700","la Decticelle des bruyères","fr","",""
"1738","Kurzflügelige Beißschrecke","de","",""
"32486","Heidesabelsprinkhaan","nl","",""
"32724","Bog Bush-cricket","en","",""
"32856","Kanervatöpökatti","fi","",""
"33066","Hedegræshoppe","da","",""
"33067","Ljungvårtbitare","sv","",""
"33068","Vihreä Töpökatti","fi","",""
"33194","Basque Bush-cricket","en","",""
"33195","Decticelle aquitaine","fr","",""
"33200","Burr's Bush-cricket","en","",""
"1349","Kaislahepokatti","fi","",""
"1682","le Conocéphale des roseaux","fr","",""
"1718","Kurzflügelige Schwertschrecke","de","",""
"32474","Gewoon spitskopje","nl","",""
"32648","Short-winged Cone-head","en","",""
"32649","Sivgræshoppe","da","",""
"32650","Sävvårtbitare","sv","",""
"1681","le Conocéphale africain","fr","",""
"32627","Southern Cone-head","en","",""
"32690","Spanish Green Bush-cricket","en","",""
"1686","la Sauterelle orientale","fr","",""
"1731","Östliches Heupferd","de","",""
"32711","Eastern Green Bush-cricket","en","",""
"32712","Sauterelle des Grisons","fr","",""
"1971","le Criquet catalan","fr","",""
"33457","Pyrenean Grasshopper","en","",""
"33458","Sténobothre catalan","fr","",""
"33463","Uvarov's Grasshopper","en","",""
"33462","Stripe-legged Grasshopper","en","",""
"1806","la Pholidoptère trompeuse","fr","",""
"33218","Fischer's Bush-cricket","en","",""
"33219","Südliche Strauchschrecke","de","",""
"33222","Chabrier's Bush-cricket","en","",""
"33223","Decticelle splendide","fr","",""
"33224","Grüne Strauchschrecke","de","",""
"33233","Sicilian Bush-cricket","en","",""
"2232","クチナガコオロギ","ja","",""
"1769","Sumpfschrecke","de","",""
"1950","le Criquet ensanglanté","fr","",""
"32463","Moerassprinkhaan","nl","",""
"32858","Suosirkka","fi","",""
"33418","Large Marsh Grasshopper","en","",""
"33419","Sumpgræshoppe","da","",""
"33420","Kärrgräshoppa","sv","",""
"32585","Ionian Bush-cricket","en","",""
"1656","le Phanéroptère commun","fr","",""
"1716","Gemeine Sichelschrecke","de","",""
"2178","Sickle-bearing Bush-cricket","en","",""
"2179","Sikkelsprinkhaan","nl","",""
"33379","Unarmed Bush-cricket","en","",""
"33378","Sánchez Gómez's Bush-cricket","en","",""
"1819","la Yersinelle montagnarde","fr","",""
"33229","Bei-Bienko's Bush-cricket","en","",""
"1926","le Criquet migrateur","fr","",""
"1777","Große Goldschrecke","de","",""
"32460","Gouden sprinkhaan","nl","",""
"32859","Kultaheinäsirkka","fi","",""
"33429","Large Gold Grasshopper","en","",""
"33430","Criquet des clairières","fr","",""
"33431","Guldgræshoppe","da","",""
"33432","Guldgräshoppa","sv","",""
"1676","le Barbitiste à bouclier","fr","",""
"32580","Shielded Bush-cricket","en","",""
"1677","le Barbitiste ventru","fr","",""
"1724","Wanstschrecke","de","",""
"32541","Large Saw-tailed Bush-cricket","en","",""
"33373","Sierra Nevadan Bush-cricket","en","",""
"321","Death's head Hawk Moths","en","",""
"320","Death's-head Hawk Moth","en","",""
"33237","Adriatic Bush-cricket","en","",""
"1827","l'Antaxie pyrénéenne","fr","",""
"33240","Pyrenean Bush-cricket","en","",""
"1822","l'Antaxie épineuse","fr","",""
"33241","Spiny-legged Bush-cricket","en","",""
"1741","Atlantische Bergschrecke","de","",""
"33238","Mottled Bush-cricket","en","",""
"33239","Antaxie marbrée","fr","",""
"33424","Small Banded Grasshopper","en","",""
"33425","Arcyptère savoyarde","fr","",""
"33426","Kleine Höckerschrecke","de","",""
"33423","Iberian Banded Grasshopper","en","",""
"33375","Martínez's Bush-cricket","en","",""
"33363","Elegant Bush-cricket","en","",""
"33364","Short-backed Bush-cricket","en","",""
"1843","l'Éphippigère tyrrhénienne","fr","",""
"1962","le Criquet marocain","fr","",""
"33435","Moroccan Locust","en","",""
"33436","Marokkanische Wanderheuschrecke","de","",""
"1674","La Grande Leptophye","fr","",""
"32536","Leptophye provençale","fr","",""
"32537","Südliche Zartschrecke","de","",""
"32538","Long-tailed Bush-cricket","en","",""
"33688","Speckled Grasshopper","en","",""
"33689","Oedipode des torrents","fr","",""
"33690","Gefleckte Schnarrschrecke","de","",""
"33691","Hedeskratte","da","",""
"33692","Rosenvingad Gräshoppa","sv","",""
"33693","Ruususiipisirkka","fi","",""
"1661","le Phanéroptère liliacé","fr","",""
"2186","Lilienblatt-Sichelschrecke","de","",""
"2187","Slender Bush-cricket","en","",""
"1807","la Pholidoptère précoce","fr","",""
"33350","Two-toothed Bush-cricket","en","",""
"1684","la Ruspolie à tête de cône","fr","",""
"1728","Große Schiekopfschrcke","de","",""
"32557","The Large Conehead","en","",""
"32665","Conocéphale gracieux","fr","",""
"32820","Spine-breasted grasshoppers","en","",""
"1669","le Barbitiste empourprê","fr","",""
"2260","Südalpen-Säbelschrecke","de","",""
"32504","Blunt Bush-cricket","en","",""
"1668","le Barbitiste des bois","fr","",""
"1721","Laubholz-Säbelschrecke","de","",""
"2259","Zaagsprinkhaan","nl","",""
"32503","Saw-tailed Bush-cricket","en","",""
"1670","le Barbitiste méridional","fr","",""
"32505","Barbitiste languedocien","fr","",""
"32506","Südfranzösische Säbelschrecke","de","",""
"1707","la Decticelle échassière","fr","",""
"1708","la Decticelle atlantique","fr","",""
"266","Marsh Tit","en","",""
"327","Death's-head Hawk Moth","en","",""
"386","Spear bearers","en","",""
"387","Yellow-faced spear bearer","en","",""
"388","Brown-faced spear bearer","en","",""
"389","Scimitars","en","",""
"390","Short-winged scimitar","en","",""
"391","Pitbull katydids","en","",""
"392","Pitbull katydid","en","",""
"539","Black Howler Monkey","en","",""
"540","Montezuma oropendola","en","",""
"541","Black-faced solitaire","en","",""
"542","European Herring Gull","en","",""
"37732","Dring's Flying Frog","en","",""
"37733","White-eared Tree Frog","en","",""
"33052","Steppe Bush-cricket","en","",""
"33053","Decticele des steppes","fr","",""
"33054","Steppen-Beißschrecke","de","",""
"33220","Littoral Bush-cricket","en","",""
"33221","Küsten-Strauchschrecke","de","",""
"1808","la Pholidoptère insubrique","fr","",""
"33354","Alpine Saddle-backed Bush-cricket","en","",""
"33355","Éphippigère terrestre","fr","",""
"33356","Südalpen-Sattelschrecke","de","",""
"1666","le Barbitiste des Pyrénées","fr","",""
"32500","Large Speckled Bush-cricket","en","",""
"1723","Gemeine Plumpschrecke","de","",""
"32501","Plumpschrecke","de","",""
"32502","Krauss's Bush-cricket","en","",""
"33040","Veysel's Bush-cricket","en","",""
"33041","Kleine Beißschrecke","de","",""
"1842","l'Éphippigère carénée","fr","",""
"33361","Rough-backed Bush-cricket","en","",""
"33362","Kantige Sattelschrecke","de","",""
"1818","la Yersinelle frêle","fr","",""
"33227","Raymond's Bush-cricket","en","",""
"33228","Kleine Strauchschrecke","de","",""
"1958","l'Arcyptère caussenarde","fr","",""
"2006","le Criquet de Saulcy","fr","",""
"1801","Sumpfgrashüpfer","de","",""
"1988","le Criquet palustre","fr","",""
"32476","Zompsprinkhaan","nl","",""
"1800","Gemeiner Grashüpfer","de","",""
"32488","Krasser","nl","",""
"1986","le Criquet des pâtures","fr","",""
"1987","le Criquet des pâtures espagnol","fr","",""
"33439","Iberian Cross-backed Grasshopper","en","",""
"1973","le Criquet tacheté","fr","",""
"2013","le Criquet blafard","fr","",""
"1773","Gefleckte Schnarrschrecke","de","",""
"32870","Ruususiipisirkka","fi","",""
"33590","Speckled Grasshopper","en","",""
"1923","l'Œdipode des torrents","fr","",""
"1844","l'Éphippigère catalane","fr","",""
"1835","l,Éphippigère des vignes","fr","",""
"1836","l,Éphippigère luisante","fr","",""
"1840","l'Éphippigère insubrique","fr","",""
"1683","le Conocéphale commun","fr","",""
"1727","Langflügelige Schwertschrecke","de","",""
"32458","Zuidelijk spitskopje","nl","",""
"32624","Long-winged Cone-head","en","",""
"32634","Conocéphale bigarré","fr","",""
"1739","Zweifarbige Beißschrecke","de","",""
"32456","Lichtgroene sabelsprinkhaan","nl","",""
"1703","la Decticelle bicolore","fr","",""
"1704","la Decticelle bariolée","fr","",""
"1740","Roesels Beißschrecke","de","",""
"32465","Greppelsprinkhaan","nl","",""
"1737","Steppen-Beißschrecke","de","",""
"32720","Steppe Bush-cricket","en","",""
"1736","Braunfleckige Beißschrecke","de","",""
"1698","la Decticelle carroyée","fr","",""
"889","Chachalacas","en","",""
"890","Rufous-vented chachalaca","en","",""
"39626","Tawny owl","en","",""
"39627","Brown owl","en","",""
"38092","European noctula","en","",""
"34072","Greater Horseshoe Bat","en","",""
"38114","Cuckoo","en","",""
"38165","Common cuckoo","en","",""
"1189","marsh frog","en","",""
"1753","Sumpfgrille","de","",""
"32811","Marsh-cricket","en","",""
"33401","Grillon des marais","fr","",""
"1980","le Sténobothre splendide","fr","",""
"33474","Dark-palped Grasshopper","en","",""
"33475","Gomphocère fauve-queue","fr","",""
"33476","Gezeichneter Grashüpfer","de","",""
"38104","Beluga whale","en","",""
"38247","Common Coqui","en","",""
"38099","North Atlantic right whale","en","",""
"38231","Narrow-winged tree cricket","en","",""
"37590","Oecanthe Thermomètre","fr","",""
"37588","Oecanthe A Pattes Noires","fr","",""
"37587","Oecanthe A 4 Points","fr","",""
"37589","Oecanthe Des Pins","fr","",""
"39564","Fork-tailed Bush Katydid","en","",""
"37591","Scuddérie à ailes oblongues","fr","",""
"38226","Texas field cricket","en","",""
"38225","Southeastern field cricket","en","",""
"1663","le Phanéroptère d'Italie","fr","",""
"1667","le Barbitiste turque","fr","",""
"1671","le Barbitiste du maquis","fr","",""
"1679","le Méconème fragile","fr","",""
"1726","Südliche Eichenschrecke","de","",""
"32457","Zuidelijke boomsprinkhaan","nl","",""
"32552","The Southern Oak Bush-cricket","en","",""
"1680","la Sauterelle de Noël","fr","",""
"1688","le Dectique verrucivore","fr","",""
"1689","le Dectique de Montpellier","fr","",""
"1691","la Decticelle chagrinée","fr","",""
"1734","Westliche Beißschrecke","de","",""
"1693","la Dacticelle de Corse","fr","",""
"1695","la Decticelle intermédiaire","fr","",""
"1696","la Decticelle rudérale","fr","",""
"1697","la Decticelle à serpe","fr","",""
"1699","la Decticelle languedocienne","fr","",""
"1702","la Decticelle pyrénéenne","fr","",""
"33182","Buysson's Bush-cricket","en","",""
"33183","Decticelle albigeoise","fr","",""
"1705","la Decticelle d'Azam","fr","",""
"1706","la Decticelle des ruisseaux","fr","",""
"1722","Nadelholz-Säbelschrecke","de","",""
"32611","Eastern Saw-tailed Bush-cricket","en","",""
"32737","Wingless Camel-crickets","en","",""
"1856","la Sauterelle des serres","fr","",""
"1746","Gewächschausschrecke","de","",""
"1747","Bedornte Höhlenschrecke","de","",""
"1748","Krauss' Höhlenschrecke","de","",""
"1854","le Troglophile négligé","fr","",""
"1750","Ameisengrille","de","",""
"1881","le Fourmigril commun","fr","",""
"32815","Ant-cricket","en","",""
"1757","Östliche Grille","de","",""
"1860","le Grillon oriental","fr","",""
"32750","Eastern Cricket","en","",""
"1758","Säbel-Dornschrecke","de","",""
"1890","le Tétrix riverain","fr","",""
"32462","Zeggedoorntje","nl","",""
"1759","Westliche Dornschrecke","de","",""
"32461","Zanddoorntje","nl","",""
"1760","Türks Dornschrecke","de","",""
"1889","le Tétrix des grèves","fr","",""
"1761","Gemeine Dornschrecke","de","",""
"32477","Gewoon doorntje","nl","",""
"1762","Zweipunkt-Dornschrecke","de","",""
"1894","le Tétrix à deux points","fr","",""
"32455","Bosdoorntje","nl","",""
"1763","Langfühler-Dornschrecke","de","",""
"1893","le Tétrix longicorne","fr","",""
"32469","Kalkdoorntje","nl","",""
"1764","Italienische Schönschrecke","de","",""
"32827","Italian Locust","en","",""
"1765","Gewöhnliche Gebirgsschrecke","de","",""
"1914","la Miramelle des moraines","fr","",""
"32823","Brown Mountain Grasshopper","en","",""
"1766","Nordische Gebirgsschrecke","de","",""
"1767","Alpine Gebirgsschrecke","de","",""
"1768","Lauchschrecke","de","",""
"1770","Rotflügelige Schnarrschreke","de","",""
"1922","l'Œdipode stridulante","fr","",""
"32833","Rattle Grasshopper","en","",""
"32869","Palosirkka","fi","",""
"33408","Klappersprinkhaan","nl","",""
"33409","Trommende Græshoppe","da","",""
"33410","Trumgräshoppa","sv","",""
"33411","Klapregrashoppe","nn","",""
"1771","Blauflügelige Ödlandschrecke","de","",""
"32466","Blauwvleugelsprinkhaan","nl","",""
"33588","Blue-winged Grasshopper","en","",""
"1772","Rotflügelige Ödlandschrecke","de","",""
"33589","Red-winged Grasshopper","en","",""
"1774","Blauflügelige Sandschrecke","de","",""
"1941","l'Œdipode aigue-marine","fr","",""
"32454","Kiezelsprinkhaan","nl","",""
"32871","Sinisiipisirkka","fi","",""
"33592","Slender Blue-winged Grasshopper","en","",""
"1775","Grüne Strandschrecke","de","",""
"1785","Zwerggrashüpfer","de","",""
"1789","Alpen-Keulenschrecke","de","",""
"1984","le Gomphocère des moraines","fr","",""
"32868","Keroheinäsirkka","fi","",""
"1805","la Pholidoptère sonore","fr","",""
"1809","la Pholidoptère splendide","fr","",""
"1810","la Pholidoptère corse","fr","",""
"1813","l'Analote noirâtre","fr","",""
"1814","l'Analote du Viso","fr","",""
"1815","l'Analote occidentale","fr","",""
"1816","l'Analote ligure","fr","",""
"1817","l'Analote du Mercantour","fr","",""
"1821","la Sauterelle du kermès","fr","",""
"1823","l'Antaxie disgracieuse","fr","",""
"1824","l'Antaxie corse","fr","",""
"1825","l'Antaxie marbrée","fr","",""
"1826","l'Antaxie cévenole","fr","",""
"1828","l'Antaxie catalane","fr","",""
"1830","la Sauterelle des brandes","fr","",""
"1831","la Sauterelle des Bonfils","fr","",""
"1832","la Sauterelle opportuniste","fr","",""
"1833","la suaterelle annelée","fr","",""
"1834","la Magicienne dentelée","fr","",""
"1837","l'Éphippigère terrestre","fr","",""
"1839","l'Éphippigère provençale","fr","",""
"1841","l'Éphippigère algérienne","fr","",""
"1845","l'Éphippigère corse","fr","",""
"1846","l'Éphiggère gasconne","fr","",""
"1847","le Dolichopode catalan","fr","",""
"1848","le Dolichopode dauphinois","fr","",""
"1849","le Dolichopode ligure","fr","",""
"1850","le Dolichopode de la Tinée","fr","",""
"1851","le Dolichopode de Venaco","fr","",""
"1852","le Dolichopode d'Evisa","fr","",""
"1853","le Dolichopode romain","fr","",""
"1855","le Troglophile cavicole","fr","",""
"1861","le Grillon bordelais","fr","",""
"1863","le Grillon noirâtre","fr","",""
"38076","Lesser Field-cricket","en","",""
"1864","le Grillon des palmeraies","fr","",""
"1865","le Grillon maghrébin","fr","",""
"1866","le Grillon d'Italie","fr","",""
"1868","le Grillon des bois","fr","",""
"1869","le Grillon des marais","fr","",""
"1870","le Grillon des torrents","fr","",""
"1871","le Grillon coléoptère","fr","",""
"1872","le Grillon des roseaux","fr","",""
"1873","le Gryllomorphe des bastides","fr","",""
"1874","le Gryllomorphe des jas","fr","",""
"1875","le Pétaloptile catalan","fr","",""
"1876","le Pétaloptile italien","fr","",""
"1877","le Grillon des Cistes","fr","",""
"1878","le Grillon maritime","fr","",""
"1879","le Grillon manchois","fr","",""
"1880","le Grillon écailleux","fr","",""
"1882","le Fourmigril méridional","fr","",""
"1883","le Grand Fourmigril","fr","",""
"1884","le Fourmigril sombre","fr","",""
"1887","le Tétrix mêridional","fr","",""
"1888","le Tétrix déprimé","fr","",""
"1891","le Tétrix caucasien","fr","",""
"1892","le Tétrix des vasières","fr","",""
"1895","le Tétrix à ailes courtes","fr","",""
"1896","le Tétrix forestier","fr","",""
"1897","le Tétrix de Gavoy","fr","",""
"1898","le Tridactyle panaché","fr","",""
"1899","le Pyrgomorphe à tête conique","fr","",""
"1900","le Criquet de Crau","fr","",""
"1901","le Criquet hérisson","fr","",""
"1902","le Criquet cylindrique","fr","",""
"1903","le Caloptène pyrénéen","fr","",""
"1904","le Caloptène italien","fr","",""
"1905","le Caloptène de Barbarie","fr","",""
"1906","le Caloptène sicilien","fr","",""
"1907","le Caloptène méridional","fr","",""
"1908","le Criquet égyptien","fr","",""
"32499","Kassprinkhaan","nl","",""
"1909","le Criquet pélerin","fr","",""
"1910","le Criquet pansu","fr","",""
"1911","la Miramelle des frimas","fr","",""
"1912","la Miramelle pyrénéenne","fr","",""
"1913","la Miramelle piémontaise","fr","",""
"1915","la Miramelle ligure","fr","",""
"1916","la Miramelle du Ventoux","fr","",""
"1917","la Miramelle alpine","fr","",""
"1918","la Miramelle subalpine","fr","",""
"1919","la Miramelle tessinoise","fr","",""
"1920","la Miramelle insubrienne","fr","",""
"1921","la Truxale méditerranéenne","fr","",""
"1924","l'Œdipode des steppes","fr","",""
"1925","l'Œdipode soufrée","fr","",""
"1927","le Criquet atlantique","fr","",""
"1928","le Criquet cendré","fr","",""
"1929","l'Œdipode turqoise","fr","",""
"1930","l'Œdipode turqoise corse","fr","",""
"1931","l'Œdipode occitane","fr","",""
"1932","l'Œdipode rouge","fr","",""
"1933","l'Œdipode tyrrhénienne","fr","",""
"1934","l'Œdipode ibérique","fr","",""
"1935","l'Œdipode occidentale","fr","",""
"1936","l'Œdipode grenadine","fr","",""
"1937","l'Œdipode corse","fr","",""
"1938","l'Œdipode gracile","fr","",""
"1939","l'Œdipode des plages","fr","",""
"1940","l'Œdipode insulaire","fr","",""
"1942","l'Œdipode rougeâtre","fr","",""
"1943","l'Aïolope émeraudine","fr","",""
"1944","l'Aïolope de Corse","fr","",""
"1945","l'Aïolope élancée","fr","",""
"1946","l'Aïolope automnale","fr","",""
"1947","l'Œdipode des salines","fr","",""
"1948","l'Œdipode des Alpes","fr","",""
"1949","le Criquet des roseaux","fr","",""
"1951","le Criquet tricolore","fr","",""
"1952","le Criquet des dunes","fr","",""
"1953","le Criquet des clairières","fr","",""
"1955","le Criquet des Churfirsten","fr","",""
"1959","l'Arcyptère piémontaise","fr","",""
"1960","l'Arcyptère languedocienne","fr","",""
"1961","l'Arcyptère provençale","fr","",""
"1963","le Criquet des chaumes","fr","",""
"1967","le Criquet rouge-queue","fr","",""
"1970","le Criquet des éboulis","fr","",""
"1972","le Criquet de Bellmann","fr","",""
"1974","le Gomphocère pyrénéen","fr","",""
"1975","le sténobothre nain","fr","",""
"1976","le Sténobothre cigalin","fr","",""
"1977","le Sténobothre commun","fr","",""
"1979","le Sténobothre bourdonneur","fr","",""
"1983","le Gomphocère Popeye","fr","",""
"1989","le Criquet vert-échine","fr","",""
"1990","le Criquet marginé","fr","",""
"1992","le Criquet des adrets","fr","",""
"1994","le Criquet d'Incudine","fr","",""
"1999","le Criquet duettiste","fr","",""
"2001","le Criquet des pelouses","fr","",""
"2004","le Criquet semblable","fr","",""
"2005","le Criquet des ajoncs","fr","",""
"2007","le Criquet du Vicdessos","fr","",""
"2008","le Criquet de l'Aragon","fr","",""
"2009","le Criquet trompeur","fr","",""
"2010","le Criquet de l'Aigoual","fr","",""
"2011","le Criquet jacasseur","fr","",""
"2112","Ground Wetas","en","",""
"2113","Tusked Wetas","en","",""
"2116","Giant Tusked Weta","en","",""
"2119","Tree Wetas","en","",""
"2120","Giant Wetas","en","",""
"37584","Grillon Automnal","fr","",""
"37583","Grillon Printanier","fr","",""
"2196","Long-legged Bush-cricket","en","",""
"2197","Phanéroptère corse","fr","",""
"2198","Langbeinige Sichelschrecke","de","",""
"32440","Malaysian Leaf Katydid","en","","Commonly used vernacular name when species is kept as a pet."
"2220","エンマコオロギ","ja","",""
"2222","エゾエンマコオロギ","ja","",""
"2223","ムニンエンマコオロギ","ja","",""
"2224","ミツカドコオロギ","ja","",""
"2225","オオオカメコオロギ","ja","",""
"2226","ハラオカメコオロギ","ja","",""
"2227","タンボオカメコオロギ","ja","",""
"2228","モリオカメコオロギ","ja","",""
"2229","ネッタイオカメコオロギ","ja","",""
"2230","ツヅレサセコオロギ","ja","",""
"2231","ナツノツヅレサセコオロギ","ja","",""
"2233","リュウキュウツヅレサセコオロギ","ja","",""
"2234","コガタコオロギ","ja","",""
"2235","ヒメコガタコオロギ","ja","",""
"39512","Red-winged blackbird","en","",""
"2236","Southern Mole Cricket","en","",""
"38229","Northern mole cricket","en","",""
"2267","ヒメコオロギ","ja","",""
"2268","タンボコオオロギ","ja","",""
"2269","クマコオロギ","ja","",""
"2270","マメクロコオロギ","ja","",""
"2272","クロツヤコオロギ","ja","",""
"2282","クチキコオロギ","ja","",""
"2283","ヤエヤマクチキコオロギ","ja","",""
"2284","スズムシ","ja","",""
"2285","クマスズムシ","ja","",""
"2286","マツムシ","ja","",""
"2287","ムニンツヅレサセコオオロギ","ja","",""
"2289","オキナワマツムシ","ja","",""
"2290","アオマツムシ","ja","",""
"2291","リュウキュウサワマツムシ","ja","",""
"2292","マダラコオロギ","ja","",""
"2293","カンタン","ja","",""
"2294","コガタカンタン","ja","",""
"2295","ヒロバネカンタン","ja","",""
"2296","チャイロカンタン","ja","",""
"2297","インドカンタン","ja","",""
"2298","クサヒバリ","ja","",""
"2299","ヤマトヒバリ","ja","",""
"2300","キンヒバリ","ja","",""
"2301","カヤヒバリ","ja","",""
"37559","オキナワハラヒバリ","ja","",""
"37560","サキシマカヤヒバリ","ja","",""
"37561","タイワンカヤヒバリ","ja","",""
"34253","Clipped-wing Grasshoper","en","",""
"38230","Giant mole cricket","en","",""
"37576","ヤチスズ","ja","",""
"32412","Uhler’s virtuoso katydid","en","North America",""
"32413","Uhler’s katydid","en","North America",""
"38228","Swift conehead","en","",""
"39565","Striped Ground Cricket","en","",""
"34251","Handsome Grasshopper","en","",""
"34232","Club-horned Grasshopper","en","",""
"34245","Two-striped Mermiria Grasshopper","en","",""
"34244","Velvet-striped Grasshopper","en","",""
"34249","Brown-spotted Range Grasshopper","en","",""
"34246","Obscure Grasshopper","en","",""
"34235","Striped Slantfaced Grasshopper","en","",""
"34238","Ebony Grasshopper","en","",""
"34239","Creosote Bush Grasshopper","en","",""
"34248","Four-spotted Grasshopper","en","",""
"34231","Green Fool Grasshoppper","en","",""
"34236","Big-headed Grasshopper","en","",""
"34237","White-crossed Grasshopper","en","",""
"34233","White-whiskered Grasshopper","en","",""
"34241","Crenulated Grasshopper","en","",""
"34242","Western Spotted-wing Grasshopper","en","",""
"34229","Wyoming Toothpick Grasshopper","en","",""
"34234","Brown Winter Grasshopper","en","",""
"34252","Montezuma's Grasshopper","en","",""
"34247","Pasture Grasshopper","en","",""
"34243","Short-winged Green Grasshopper","en","",""
"34230","Stubby Toothpick Grasshopper","en","",""
"34228","Long-headeed toothpick Grasshopper","en","",""
"34250","Graceful Sedge Grasshopper","en","",""
"33133","Black-sided Meadow Katydid","en","",""
"38090","Short-beaked Common Dolphin","en","",""
"38112","Orca","en","",""
"38113","Killer whale","en","",""
"37581","Southern Right Whale","en","",""
"33365","Catalan Bush-cricket","en","",""
"33366","Éphippigère catalane","fr","",""
"33367","Asturian Bush-cricket","en","",""
"33368","Stål's Bush-cricket","en","",""
"33369","Éphipiigère du Larzac","fr","",""
"33370","Pérez's Bush-cricket","en","",""
"33371","Martorell's Bush-cricket","en","",""
"33372","Andalusian Bush-cricket","en","",""
"33374","Lusitanian Bush","en","",""
"33394","Bordeaux Cricket","en","",""
"33395","Grillon boprdelais","fr","",""
"33396","Südliche Grille","de","",""
"33512","Reatine Grasshopper","en","",""
"33579","Grape Leaf-folder","en","",""
"33580","White-headed Grape Leaf-roller","en","",""
"33581","Serpentine Webworm Moth","en","",""
"33582","Bold-feathered Grass Moth","en","",""
"33583","Lucerne Moth","en","",""
"33584","Celery Leaf-tier","en","",""
"33777","Common Diving Petrel","en","",""
"37568","ネッタイマダラスズ","ja","",""
"37570","ネッタイシバスズ","ja","",""
"38089","Marsh Stripe-headed Cricket","en","",""
"38224","Western stutter-trilling cricket","en","",""
"34069","Silver-Bell Cricket","en","",""
"34070","Japanese House Bat","en","",""
"34071","Great Roundleaf Bat","en","",""
"34073","North Pacific Right Whale","en","",""
"38083","Arable Cricket","en","",""
"37562","カネタタキ","ja","",""
"37914","Variable Field Cricket","en","",""
"34240","Marsh Meadow Grasshopper","en","",""
"34406","Rufescent Burrowing Frog","en","",""
"34407","Maoharan's Burrowing Frog","en","",""
"34718","Grey Mouse Lemur","en","",""
"34719","Pale Spear-nosed Bat","en","",""
"38093","Japanese macaque","en","",""
"37683","Song sparrow","en","",""
"37501","Painted Manakin","en","",""
"37556","リュウキュウカヤヒバリ","ja","",""
"37557","キビヒバリ","ja","",""
"37558","セグロキンヒバリ","ja","",""
"37563","イソカネタタキ","ja","",""
"37564","リュウカネタタキ","ja","",""
"37565","ヒルギカネタタキ ","ja","",""
"37566","オチバカネタタキ","ja","",""
"37567","マダラスズ","ja","",""
"37569","シバスズ","ja","",""
"37571","ハマスズ","ja","",""
"37572","ヒゲジロスズ","ja","",""
"37573","カワラスズ","ja","",""
"37574","リュウキュウチビスズ","ja","",""
"37575","ヤマトチビスズ","ja","",""
"37577","エゾスズ","ja","",""
"37578","ヒメスズ","ja","",""
"37579","イソスズ","ja","",""
"37582","White-throated Thrush","en","",""
"37609","Red-eyed Vireo","en","",""
"37610","Viréo aux yeux rouges","fr","",""
"37611","Vireo ojirrojo norteño","es","",""
"37612","Vireo ojo rojo","es","",""
"39507","American robin","en","",""
"39496","Warbling vireo","en","",""
"38111","Bottlenose dolphin","en","",""
"38105","Meerkat","en","",""
"38110","Harbour porpoise","en","",""
"37668","Bornean foot-flagging frog","en","",""
"37669","Acadian flycatcher","en","",""
"37670","Black-throated green warbler","en","",""
"37671","Blue-winged warbler","en","",""
"37673","Chipping sparrow","en","",""
"37674","Common yellowthroat","en","",""
"37675","Eastern towhee","en","",""
"37676","Eastern wood-pewee","en","",""
"37677","Field sparrow","en","",""
"37678","Gray catbird","en","",""
"37679","Great crested flycatcher","en","",""
"37680","Northern cardinal","en","",""
"37681","Ovenbird","en","",""
"37682","Red-bellied woodpecker","en","",""
"37684","Tufted titmouse","en","",""
"37685","Wood thrush","en","",""
"37686","Yellow warbler","en","",""
"37687","Sparkling-tailed woodstar","en","",""
"37688","Amethyst woodstar","en","",""
"37689","Oasis Woodstar","en","",""
"37690","Purple-collared woodstar","en","",""
"37691","Short-tailed woodstar","en","",""
"37692","Peruvian Woodstar","en","",""
"37693","Rufous-shafted woodstar","en","",""
"37694","Chilean Woodstar","en","",""
"37695","Purple-throated woodstar","en","",""
"37696","Magenta-throated woodstar","en","",""
"37697","Slender-tailed woodstar","en","",""
"37698","White-bellied Woodstar","en","",""
"37699","Esmeralda's Woodstar","en","",""
"37700","Little Woodstar","en","",""
"37701","Gorgeted woodstar","en","",""
"37702","Lucifer Sheartail","en","",""
"37703","Beautiful sheartail","en","",""
"37704","Mexican Sheartail","en","",""
"37705","Slender Sheartail","en","",""
"37706","Vervain Hummingbird","en","",""
"37707","Bee hummingbird","en","",""
"37708","Black-chinned Hummingbird","en","",""
"37709","Ruby-throated hummingbird","en","",""
"37710","Anna's Hummingbird","en","",""
"37711","Costa's hummingbird","en","",""
"37718","Red Hind","en","",""
"37719","Nassau Grouper","en","",""
"37720","Yellowfin","en","",""
"37721","Black grouper","en","",""
"37816","Barn Swallow","en","",""
"37994","Common blackbird","en","",""
"38107","Sperm whale","en","",""
"38120","Antarctic blue whale","en","",""
"38071","Caribbean Fruit Fly","en","",""
"38072","Timber Wolf","en","",""
"38073","Budgerigar","en","",""
"38074","Brown-flanked bush warbler","en","",""
"38075","Cuvier's beaked whale","en","",""
"38091","Big Brown Bat","en","",""
"38094","Red deer","en","",""
"38095","Eastern great tit","en","",""
"38100","California mouse","en","",""
"38101","Ortolan bunting","en","",""
"38102","Rote leaf warbler","en","",""
"39110","Alaskan pollock","en","",""
"39111","Walleye pollock","en","",""
"38103","Fin Whale","en","",""
"39267","Whiteleg shrimp","en","",""
"38106","Arctic Cod","en","",""
"38108","Silver croaker","en","",""
"38109","Blue drum","en","",""
"38134","Syrian Hamster","en","",""
"38135","Golden hamster","en","",""
"38121","Pygmy blue whale","en","",""
"38115","Dwarf sperm whale","en","",""
"38116","Red palm weevil","en","",""
"38117","Giant antshrike","en","",""
"38118","Australian sea lion","en","",""
"38119","Chestnut Myotis","en","",""
"38122","Pygmy blue whale","en","",""
"38123","Wood frog","en","",""
"38124","Elk","en","",""
"38125","Altai wapiti","en","",""
"38126","Altai elk","en","North America",""
"38127","Siberian wapiti","en","",""
"38128","Savannah sparrow","en","",""
"38129","Common raven","en","",""
"38130","Ocelot","en","",""
"38131","Rylands' bald-faced saki","en","",""
"38132","Thomson's gazelle","en","",""
"38133","Eastern bluebird","en","",""
"38136","Drooping she-oak psyllid","en","",""
"38149","African clawed frog","en","",""
"38150","Spix's disk-winged bat","en","",""
"38151","Rufous-and-white wren","en","",""
"38152","Fringe-lipped bat","en","",""
"38153","Frog-eating bat","en","",""
"38154","Red-winged fairywren","en","",""
"38156","European peacock butterfly","en","",""
"38157","Peacock butterfly","en","",""
"38158","Claudia's leaf warbler","en","",""
"38159","Geoffroy's spider monkey","en","",""
"38160","House finch","en","",""
"38161","Rohan's Globular Frog","en","",""
"38162","Half-webbed pug-snouted frog","en","",""
"38163","Grey-brown pug-snouted frog","en","",""
"38164","Eastern bent-wing bat","en","",""
"38166","Plainfin Midshipman","en","",""
"38167"," Doria's Asian treefrog","en","",""
"38168","Doria's bush frog","en","",""
"38169","Doria's bushfrog","en","",""
"38170","Doria's tree frog","en","",""
"38172","Canyon wren","en","",""
"38174","Big‐footed myotis","en","",""
"38175","Eastern long-fingered bat","en","",""
"38176","Common Lesser Toad","en","",""
"38177","Common lesser escuercito","en","",""
"38178","American ground frog","en","",""
"38179","Brown marmorated stink bug","en","",""
"38180","Hobbs' Treefrog","en","",""
"38181","Black drum","en","",""
"38182","Silver perch","en","",""
"38183","American silver perch","en","",""
"38184","Spotted seatrout","en","",""
"38185","Red drum","en","",""
"38186","Little spotted kiwi","en","",""
"38188","Hong Kong Whipping Frog ","en","",""
"38189","Spot-legged Tree Frog","en","",""
"38190","Northern treefrog","en","",""
"38191","Burmese whipping frog","en","",""
"38192","Vocal sacless treefrog","en","",""
"38193","Yellow-cheeked gibbon","en","",""
"38194","Yellow-cheeked crested gibbon","en","",""
"38195","Golden jackal","en","",""
"38196","Houston toad","en","",""
"38197","Negro stipple-throated antwren","en","",""
"38198","Yasuni antwren","en","",""
"38199","Napo stipple-throated antwren","en","",""
"38200","Common big-eared bat","en","",""
"38201","Velvety free-tailed bat","en","",""
"38202","Pallas's mastiff bat","en","",""
"38217","Bird-cherry ermine","en","",""
"38218","Turnip moth","en","",""
"38220","White-tailed deer","en","",""
"38223","Southern wood cricket","en","",""
"38227","Caribbean conehead","en","",""
"38234","Naturetrek Leaf Frog","en","",""
"38235","Cutín Noble de Naturetrek","es","",""
"38246","Southern King Weakfish","en","",""
"38248","Red-eyed coqui","en","",""
"38249","Dupont's lark","en","",""
"38250","Russet ground squirrel","en","",""
"38251","Gray whale","en","",""
"38252","Northern saw-whet owl","en","",""
"38253","Northern pygmy owl","en","",""
"38254","Mountain pgymy owl","en","",""
"38255","Western screech owl","en","",""
"38256","Northern spotted owl","en","",""
"38257","Red-cheeked ground squirrel","en","",""
"38258","Oriental reed warbler","en","",""
"38259","Black-browed reed warbler","en","",""
"38260","Atlantic ghost crab","en","",""
"38261","Whale shark","en","",""
"38262","Vicente's poison frog","en","",""
"38263","Alor Myzomela","en","",""
"38264","Myzomela Alor","id","",""
"38265","Wetar Myzomela","en","",""
"38266","Crimson-hooded myzomela","en","",""
"38267","Greater prairie chicken","en","",""
"38268","Rough-toothed dolphin","en","",""
"38269","Giant Panda","en","",""
"38270","Great cormorant","en","",""
"38271","Rock ptarmigan","en","",""
"38727","Kalimantan Horned Frog","en","",""
"38728","Katak-tanduk kalimantan","id","",""
"38761","Túngara frog","en","",""
"38780","Frog-biting midges","en","",""
"38783","Four-eyed opossum","en","",""
"38794","Moorland chat","en","",""
"38795","Black-clawed brush-furred rat","en","",""
"38796","Ethiopian siskin","en","",""
"38837","Song thrush","en","",""
"38843","Greater noctule bat","en","",""
"38844","Whistling moths","en","",""
"38851","White bellbird","en","",""
"38852","Screaming piha","en","",""
"38853","Yellowhammer","en","",""
"38854","Harbor seal","en","",""
"38856","Golden rocket frog ","en","",""
"38857","Northern birch mouse","en","",""
"38858","Catfish","en","",""
"38859","Great kiskadee","en","",""
"38869","Glass frogs","en","",""
"38870","Indian wolf","en","",""
"38871","Schmidt's Uruguay treefrog","en","",""
"38872","Sazima's treefrog","en","",""
"38873","European bass","en","",""
"38874","European seabass","en","",""
"38875","Hawksbill Sea Turtle","en","",""
"38876","Beech leaf-miner beetle","en","",""
"38881","Ecuadorian Sac-winged Bat","en","",""
"38882","Thomas' Bat","en","",""
"38883","Shaggy Bat","en","",""
"38884","Chestnut Sac-winged Bat","en","",""
"38885","Smoky Bat","en","",""
"38886","Northern Ghost Bat","en","",""
"38887","Greater Ghost Bat","en","",""
"38888","Isabelle's Ghost Bat","en","",""
"38889","Lesser Ghost Bat","en","",""
"38890","Greater Dog-like Bat","en","",""
"38891","White-winged Dog-like Bat","en","",""
"38892","Lesser Dog-like Bat","en","",""
"38893","Pale-winged Doglike Bat","en","",""
"38894","Trinidad Dog-like Bat","en","",""
"38895","Proboscis Bat","en","",""
"38896","Antioquia Sac-winged Bat","en","",""
"38897","Greater White-lined Bat","en","",""
"38898","Frosted Sac-winged Bat","en","",""
"38899","Amazonian Sac-winged Bat","en","",""
"38900","Lesser White-lined bat","en","",""
"38901","Smoky Bat","en","",""
"38902","Thumbless Bat","en","",""
"38903","Cabrera’s Free-tailed Bat","en","",""
"38904","Cinnamon Dog-faced Bat","en","",""
"38905","Freeman’s Dog-faced Bat","en","",""
"38906","Greenhall's Dog-faced Bat","en","",""
"38907","Mastiff Dog-faced Bat","en","",""
"38908","Mexican Dog-faced Bat","en","",""
"38909","Miller's Dog-faced Bat","en","",""
"38910","Southern Dog-faced Bat","en","",""
"38911","Waorani Dog-faced Bat","en","",""
"38912","Black Bonneted Bat","en","",""
"38913","Dwarf Bonneted Bat","en","",""
"38914","Chribaya Bonneted Bat","en","",""
"38915","Big Bonneted Bat","en","",""
"38916","Delta Bonneted Bat","en","",""
"38917","Wild Bonneted Bat","en","",""
"38918","Florida Bonneted Bat","en","",""
"38919","Wagner's Bonneted Bat","en","",""
"38920","Sanborn's Bonneted Bat","en","",""
"38921","Guianan Bonneted Bat","en","",""
"38922","Dwarf Bonneted Bat","en","",""
"38923","Patagonian Dwarf Bonneted Bat","en","",""
"38924","Greater Bonneted Bat","en","",""
"38925","Trumbull's Bonneted Bat","en","",""
"38926","Underwood's Bonneted Bat","en","",""
"38927","Wilson's Bonneted Bat","en","",""
"38928","Equatorial Dog-faced Bat","en","",""
"38929","Mato Grosso Dog-faced Bat","en","",""
"38930","Rufous Dog-faced Bat","en","",""
"38931","Dwarf Dog-faced Bat","en","",""
"38932","Alvarez’s Mastiff bat","en","",""
"38933","Aztec Mastiff bat","en","",""
"38934","Coiban Mastiff Bat","en","",""
"38936","Thomas's Mastiff Bat","en","",""
"38937","Fenton's  Mastiff bat","en","",""
"38938","Pallas's mastiff bat","en","",""
"38939","Miller's Mastiff bat","en","",""
"38940","Black mastiff bat","en","",""
"38941","Sinaloan Mastiff bat","en","",""
"38942","Kalinowski's Mastiff Bat","en","",""
"38943","Little Goblin Bat","en","",""
"38944","Incan Little Mastiff Bat","en","",""
"38945","Peale's Free-tailed Bat","en","",""
"38946","Pocketed Free-tailed Bat","en","",""
"38947","Broad-eared Free-tailed Bat","en","",""
"38948","Big Free-tailed Bat","en","",""
"38949","Big Crested Mastiff Bat","en","",""
"38950","Davison´s mastiff bat","en","",""
"38951","Brown Mastiff Bat","en","",""
"38952","Brazilian Free-tailed Bat","en","",""
"38953","Blunt-eared Bat","en","",""
"38954","Antillean Ghost-faced Bat","en","",""
"38955","Peter's Ghost-faced Bat","en","",""
"38956","Tehuantepec Mustached Bat","en","",""
"38957","Clarion mustached bat","en","",""
"38958","Davy's Naked-backed Bat","en","",""
"38959","Tawny Naked-backed Bat","en","",""
"38960","Dusky Mustached Bat","en","",""
"38961","Big Naked-backed Bat","en","",""
"38962","Peruvian Mustached Bat","en","",""
"38963","MacLeay's Mustached Bat","en","",""
"38964","Mesoamerican mustached bat","en","",""
"38965","Mexican Mustached Bat","en","",""
"38966","Paraguanan Mustached Bat","en","",""
"38967","Common Mustached Bat","en","",""
"38968","Wagner's mustached bat","en","",""
"38969","Puerto Rican Mustached Bat","en","",""
"38970","Hispaniolan Mustached Bat","en","",""
"38971","Sooty Mustached Bat","en","",""
"38972","Mustached Bat 53 kHz","en","",""
"38973","Slender Lesser Funnel-eared Bat","en","",""
"38974","Cuban Lesser Funnel-eared Bat","en","",""
"38975","Bahamian Lesser Funnel-eared Bat","en","",""
"38976","Brazilian funnel-eared bat","en","",""
"38977","Jamaican Greater Funnel-eared Bat","en","",""
"38978","Hispaniolan Greater Funnel-eared Bat","en","",""
"38979","Mexican Greater Funnel-eared Bat","en","",""
"38980","Cuban Greater Funnel-eared Bat","en","",""
"38981","Mexican Greater Funnel-eared Bat","en","",""
"38982","Trinidadian Greater Funnel-eared Bat","en","",""
"38983","Gervais's Funnel-eared Bat","en","",""
"38984","Lesser Bulldog Bat","en","",""
"38985","Greater Bulldog Bat","en","",""
"38986","De Vivo’s Disk-winged Bat","en","",""
"38987","Peters's Disk-winged Bat","en","",""
"38988","LaVal's Disk-winged Bat","en","",""
"38989","Spix's Disk-winged Bat","en","",""
"38990","Patricia's Disk-winged Bat","en","",""
"38991","Pallid Bat","en","",""
"38992","Van Gelder's bat","en","",""
"38993","Mexican Big-eared Bat","en","",""
"38994","Rafinesque's big-eared bat","en","",""
"38995","Townsend's Big-eared Bat","en","",""
"38996","Strange Big-eared Brown Bat","en","",""
"38997","Little Black Serotine","en","",""
"38998","Brazilian Brown Bat","en","",""
"38999","Chiriquinan Serotine","en","",""
"39000","Transparent-winged Big-eared Bat","en","",""
"39001","Diminutive Serotine","en","",""
"39002","Argentine brown bat","en","",""
"39003","Guadeloupean Big Brown Bat","en","",""
"39004","Humboldt's Big-eared Brown Bat","en","",""
"39005","Harmless Serotine","en","",""
"39006","Thomas's Big-eared Brown Bat","en","",""
"39007","Big-eared Brown Bat","en","",""
"39008","Southern Big-eared Brown Bat","en","",""
"39009","Small Big-eared Brown Bat","en","",""
"39010","Taddei's Serotine","en","",""
"39011","Tropical Big-eared Brown Bat","en","",""
"39012","Spotted Bat","en","",""
"39013","Allen's Big-eared Bat","en","",""
"39014","Silver-haired Bat","en","",""
"39015","Giant red bat","en","",""
"39016","Hawaiian hoary bat","en","",""
"39017","South American hoary bat","en","",""
"39018","Handley's Red Bat","en","",""
"39019","Red Bat","en","",""
"39020","Eastern Red Bat","en","",""
"39021","Tacarcunan Bat","en","",""
"39022","North American hoary bat","en","",""
"39023","Jamaican Red Bat","en","",""
"39024","Blackish Red Bat","en","",""
"39025","Southern Yellow Bat","en","",""
"39026","Red Bat","en","",""
"39027","Cuban Yellow Bat","en","",""
"39028","Northern yellow bat","en","",""
"39029","Minor Red Bat","en","",""
"39030","Pfeiffer's Red Bat","en","",""
"39031","Seminole Bat","en","",""
"39032","Cinnamon Red Bat","en","",""
"39033","Western Yellow Bat","en","",""
"39034","Silver-tipped Myotis","en","",""
"39035","Atacaman Myotis","en","",""
"39036","Sir David Attenborough’s Myotis","en","",""
"39037","Southwestern Myotis","en","",""
"39038","Southeastern Myotis","en","",""
"39039","California Myotis","en","",""
"39040","Cauca River Myotis","en","",""
"39041","Chilean Myotis","en","",""
"39042","Western Small-footed Myotis","en","",""
"39043","Clyde Jones' Myotis","en","",""
"39044","Guatemalan Myotis","en","",""
"39045","Diminutive Myotis","en","",""
"39046","Dinelli's Myotis","en","",""
"39047","Dominican Myotis","en","",""
"39048","Elegant myotis","en","",""
"39049","Long-eared Myotis","en","",""
"39050","Findley's Myotis","en","",""
"39051","Cinnamon Myotis","en","",""
"39052","Gray bat","en","",""
"39053","Handley’s Myotis","en","",""
"39054","Izecksohn’s Myotis","en","",""
"39055","Hairy-legged myotis","en","",""
"39056","Northern bat (Keen's Myotis)","en","",""
"39057","LaVal’s Myotis","en","",""
"39058","Eastern small-footed Myotis","en","",""
"39059","Yellowish Myotis","en","",""
"39060","Little Brown Bat","en","",""
"39061","Schwartz's Myotis","en","",""
"39062","Dark-nosed Small-footed Myotis","en","",""
"39063","Golden Myotis","en","",""
"39064","Curacao Myotis","en","",""
"39065","Black myotis","en","",""
"39066","Silky Cave Myotis","en","",""
"39067","Arizona Myotis","en","",""
"39068","Montane Myotis","en","",""
"39069","LaVal's Hairy-legged Myotis","en","",""
"39070","Flat-headed Myotis","en","",""
"39071","Riparian Myotis","en","",""
"39072","Red Myotis","en","",""
"39073","Northern long-eared Bat","en","",""
"39074","Velvety Myotis","en","",""
"39075","Indiana Bat","en","",""
"39076","Fringed Myotis","en","",""
"39077","Cave Myotis","en","",""
"39078","Long-legged Myotis","en","",""
"39079","Yuma Myotis","en","",""
"39080","Cuban Evening Bat","en","",""
"39081","Evening Bat","en","",""
"39082","Western Pipistrelle","en","",""
"39083","Eastern Pipistrelle","en","",""
"39084","Yucatan Yellow Bat","en","",""
"39085","Allen's Yellow Bat","en","",""
"39086","Bickham's Yellow Bat","en","",""
"39087","Genoways's Yellow Bat","en","",""
"39088","Slender Yellow Bat","en","",""
"39089","Husson's Yellow Bat","en","",""
"39090","Thomas' Yellow Bat","en","",""
"39091","Menchu Yellow Bat","en","",""
"39092","Tiny Yellow Bat","en","",""
"39093","Least Yellow Bat","en","",""
"39094","Little Yellow Bat","en","",""
"39095","Black-winged Little Yellow Bat","en","",""
"39096","Ecuadorian Little Yellow Bat","en","",""
"39097","Mearns's grasshopper mouse","en","",""
"39098","Southern grasshopper mouse","en","",""
"39099","Alfafa","en","",""
"39100","Radish","en","",""
"39101","Mountain hare","en","",""
"39102","Thai horseshoe bat","en","",""
"39103","Pale-winged starling","en","",""
"39104","Kemp's ridley sea turtle","en","",""
"39105","Haddock","en","",""
"39106","Atlantic cod","en","",""
"39107","Burbot","en","",""
"39108","Pollack","en","",""
"39109","Lythe","en","",""
"39112","Tadpole fish","en","",""
"39113","Impala","en","",""
"39114","California spotted owl","en","",""
"39115","Thrush nightingale","en","",""
"39116","Mediterranean oak-woodland pillbug","en","",""
"39117","Oyster toadfish","en","",""
"39118","Camouflage grouper","en","",""
"39119","Oriental magpie-robin","en","",""
"39120","Monteith's Leaf-insect","en","",""
"39121","Atlantic spotted dolphin","en","",""
"39122","Undulated tinamou","en","",""
"39123","Walrus","en","",""
"39124","Bearded seal","en","",""
"39125","Ribbon seal","en","",""
"39126","Black-capped chickadee","en","",""
"39174","Golden-faced saki","en","",""
"39178","Monk parakeet","en","",""
"39183","Panguana poison frog","en","",""
"39191","Riddle poison frog","en","",""
"39225","Olive-sided flycatcher","en","",""
"39230","African cave cricket","en","",""
"39239","Lion","en","",""
"39240","Wild goat","en","",""
"39241","Tiger","en","",""
"39242","African wild ass","en","",""
"39243","African wild donkey","en","",""
"39244","Wild horse","en","",""
"39245","Horse","en","",""
"39246","Sheep","en","",""
"39247","Hawfinch","en","",""
"39248","European Greenfinch","en","",""
"39249","Mistle thrush","en","",""
"39250","Corn crake","en","",""
"39251","Common snipe","en","",""
"39254","Bell miner bird","en","",""
"39255","Bellbird","en","",""
"39256","Bell minor bird","en","",""
"39257","Rufous scrubbird","en","",""
"39260","Brown Citrus Aphid","en","",""
"39264","Zebrafish","en","",""
"39265","Chaffinch","en","",""
"39266","Common chaffinch","en","",""
"39288","Seba's short-tailed bat","en","",""
"39292","Reed bunting","en","",""
"39293","Common reed bunting","en","",""
"39294","Little chachalaca","en","",""
"39295","Chestnut-headed chachalaca","en","",""
"39296","Siberian crane","en","",""
"39297","Siberian white crane","en","",""
"39298","Snow crane","en","",""
"39299","Lesser wax moth","en","",""
"39300","Garden tiger moth","en","",""
"39317","Large-eared horseshoe bat","en","",""
"39318","Grass carp","en","",""
"39319","Grey gurnard","en","",""
"39320","Brilliant-thighed poison frog","en","",""
"39321","Marbled frogmouth","en","",""
"39322","Bobtail lizard","en","",""
"39323","Common squirrel monkey","en","",""
"39513","Brown-headed cowbird","en","",""
"39324","Red-bellied piranha","en","",""
"39325","Müeller's gibbon","en","",""
"39326","Trinidad Thin-Toed Frog","en","",""
"39489","Mourning dove","en","",""
"39490","Hairy woodpecker","en","",""
"39491","Northern flicker","en","",""
"39492","Western wood pewee","en","",""
"39493","Willow flycatcher","en","",""
"39494","Hammond's flycatcher","en","",""
"39495","Cassin's vireo","en","",""
"39497","Black-billed magpie","en","",""
"39498","Mountain chickadee","en","",""
"39499","Red-breasted nuthatch","en","",""
"39500","House wren","en","",""
"39501","Golden-crowned kinglet","en","",""
"39502","Ruby-crowned kinglet","en","",""
"39503","Mountain bluebird","en","",""
"39504","Townsend's solitaire","en","",""
"39505","Swainson's thrush","en","",""
"39506","Olive-backed thrush","en","",""
"39508","Cassin's finch","en","",""
"39509","Red crossbill","en","",""
"39510","Pine siskin","en","",""
"39511","Dark-eyed junco","en","",""
"39514","MacGillivray's warbler","en","",""
"39515","Yellow-rumped warbler","en","",""
"39516","American yellow warbler","en","",""
"39517","Yellow warbler","en","",""
"39518","Western tanager","en","",""
"39519","Lazuli bunting","en","",""
"39521","Coppery titi","en","",""
"39522","Reza Khan’s bush frog","en","",""
"39524","Sablefish","en","",""
"39554","Marbled reed frog","en","",""
"39555","Kadiytsa Bright Bush-cricket","en","",""
"39559","Davis's Bright Bush-Cricket","en","",""
"39560","Grey seal","en","",""
"39561","Giant sea bass","en","",""
"39562","Night parrot","en","",""
"39563","White-eyed vireo","en","",""
"39566","Snub-nosed monkeys","en","",""
"39567","Gray snub-nosed monkey","en","",""
"39568","Brelich's snub-nosed monkey","en","",""
"39569","Guizhou snub-nosed monkey","en","",""
"39570","Guizhou golden monkey","en","",""
"39571","Golden snub-nosed monkey","en","",""
"39572","Sichuan golden hair monkey","en","",""
"39573","Sichuan snub-nosed monkey","en","",""
"39574","Lesser spiny frog","en","",""
"39575","Spider conch","en","",""
"39576","Maxima clam","en","",""
"39577","Northern corroboree frog","en","",""
"39578","Worm-eating warbler","en","",""
"39579","Louisiana waterthrush","en","",""
"39580","Northern waterthrush","en","",""
"39581","Golden-winged warbler","en","",""
"39582","Black-and-white warbler","en","",""
"39583","Prothonotary warbler","en","",""
"39584","Swainson's warbler","en","",""
"39585","Tennessee warbler","en","",""
"39586","Orange-crowned warbler","en","",""
"39587","Nashville warbler","en","",""
"39588","Connecticut warbler","en","",""
"39589","Mourning warbler","en","",""
"39590","Kentucky warbler","en","",""
"39591","Hooded warbler","en","",""
"39592","American redstart","en","",""
"39593","Cape May warbler","en","",""
"39594","Cerulean warbler","en","",""
"39595","Northern parula","en","",""
"39596","Magnolia warbler","en","",""
"39597","Bay-breasted warbler","en","",""
"39598","Blackburnian warbler","en","",""
"39599","Chestnut-sided warbler","en","",""
"39600","Blackpoll warbler","en","",""
"39601","Black-throated blue warbler","en","",""
"39602","Palm warbler","en","",""
"39603","Pine warbler","en","",""
"39604","Yellow-throated warbler","en","",""
"39605","Prairie warbler","en","",""
"39606","Black-throated green warbler","en","",""
"39607","Canada warbler","en","",""
"39608","Wilson's warbler","en","",""
"39609","Veery","en","",""
"39610","Long-tailed ground squirrel","en","",""
"39611","Brown meagre","en","",""
"39612","Corb","en","",""
"39613","Northern buffed-cheeked gibbon","en","",""
"39614","Northern yellow-cheeked crested gibbon","en","",""
"39616","Rock cavy","en","",""
"39617","mocó","pt-br","",""
"39618","Vraem's treefrog","en","",""
"39619","ranita de Vraem","en","",""
"39620","Rufus-naped wren","en","",""
"39621","Crabeater seal","en","",""
"39622","Pallas's leaf warbler","en","",""
"39623","Northern lapwing","en","",""
"39624","Peewit","en","",""
"39625","Manx shearwater","en","",""
"39628","Eurasian wigeon","en","",""
"39629","Widgeon","en","",""
"39630","Stump-tailed porcupine","en","",""
"39631","Eastern sign-bearing froglet","en","",""
"39632","Striped Burrowing Frog","en","",""
"39633","Knife-footed Frog","en","",""
"39634","Rough Frog","en","",""
"39635","Barking Frog","en","",""
"39636","Salmon-striped Frog","en","",""
"39637","Spotted Grass Frog","en","",""
"39638","Broad-palmed Frog","en","",""
"39639","Peron's Tree Frog","en","",""
